--
-- Script was generated by Devart dbForge Data Generator for Oracle, Version 2.4.16.0
-- Product Home Page: http://www.devart.com/dbforge/oracle/data-generator
-- Script date 4/14/2022 4:02:44 PM
-- Target server version: Oracle Database 21c Enterprise Edition Release 21.0.0.0.0 - Production Version 21.3.0.0.0
-- Target connection string: User Id=DNX;Server=DavidNyx;Connect Mode=DNXDba;Unicode=True;Direct=True;Service Name=orcl
--


SET SQLBLANKLINES ON;
SET DEFINE OFF;
ALTER SESSION SET NLS_DATE_FORMAT = 'MM/DD/SYYYY HH24:MI:SS';
ALTER SESSION SET NLS_TIMESTAMP_TZ_FORMAT = 'MM/DD/SYYYY HH24:MI:SS.FF TZH:TZM';
ALTER SESSION SET NLS_TIMESTAMP_FORMAT = 'MM/DD/SYYYY HH24:MI:SS.FF';
ALTER SESSION SET NLS_NUMERIC_CHARACTERS = '.,';
ALTER SESSION SET NLS_NCHAR_CONV_EXCP = FALSE;
ALTER SESSION SET TIME_ZONE = '+07:00';
--
-- Delete data from the table 'DNX.HSBA_DV'
--
TRUNCATE TABLE DNX.HSBA_DV;
--
-- Delete data from the table 'DNX.HSBA'
--
DELETE FROM DNX.HSBA;
--
-- Delete data from the table 'DNX.NHANVIEN'
--
DELETE FROM DNX.NHANVIEN;
--
-- Delete data from the table 'DNX.BENHNHAN'
--
DELETE FROM DNX.BENHNHAN;
--
-- Delete data from the table 'DNX.KHOA'
--
DELETE FROM DNX.KHOA;
--
-- Delete data from the table 'DNX.DICHVU'
--
DELETE FROM DNX.DICHVU;
--
-- Delete data from the table 'DNX.CSYT'
--
DELETE FROM DNX.CSYT;

--
-- Inserting data into table DNX.CSYT
--
INSERT INTO DNX.CSYT(MA_CSYT, TEN_CSYT, DC_CSYT, SDT_CSYT, TUYEN, VUNG) VALUES
('CS00', 'Cơ sở 00', '308 White Hope Highway, Diamond Building, Salt Lake City, Utah, 51400', '0979300241', 'Điều trị chuyên sâu', 'Trung tâm');
INSERT INTO DNX.CSYT(MA_CSYT, TEN_CSYT, DC_CSYT, SDT_CSYT, TUYEN, VUNG) VALUES
('CS01', 'Cơ sở 01', '2880 White Fox Hill Dr, Trenton, NJ, 59094', '0913806301', 'Điều trị chuyên sâu', 'Cận trung tâm');
INSERT INTO DNX.CSYT(MA_CSYT, TEN_CSYT, DC_CSYT, SDT_CSYT, TUYEN, VUNG) VALUES
('CS02', 'Cơ sở 02', '72 Glenwood Lane, Penobscot Building, Denver, Colorado, 32532', '0974390977', 'Điều trị chuyên sâu', 'Cận trung tâm');
INSERT INTO DNX.CSYT(MA_CSYT, TEN_CSYT, DC_CSYT, SDT_CSYT, TUYEN, VUNG) VALUES
('CS03', 'Cơ sở 03', '34 Glenwood Highway, Diamond Bldg, Frankfort, KY, 03111', '0996026752', 'Điều trị chuyên sâu', 'Cận trung tâm');
INSERT INTO DNX.CSYT(MA_CSYT, TEN_CSYT, DC_CSYT, SDT_CSYT, TUYEN, VUNG) VALUES
('CS04', 'Cơ sở 04', '3618 Hidden Buttonwood St, Annapolis, MD, 47110', '0973300844', 'Điều trị nội trú', 'Cận trung tâm');
INSERT INTO DNX.CSYT(MA_CSYT, TEN_CSYT, DC_CSYT, SDT_CSYT, TUYEN, VUNG) VALUES
('CS05', 'Cơ sở 05', '2493 S Lake Lane, Duke Energy Building, Oklahoma City, OK, 37142', '0990996409', 'Điều trị nội trú', 'Trung tâm');
INSERT INTO DNX.CSYT(MA_CSYT, TEN_CSYT, DC_CSYT, SDT_CSYT, TUYEN, VUNG) VALUES
('CS06', 'Cơ sở 06', '2942 Hidden Ironwood St, Austin, TX, 76478', '0967963717', 'Điều trị nội trú', 'Trung tâm');
INSERT INTO DNX.CSYT(MA_CSYT, TEN_CSYT, DC_CSYT, SDT_CSYT, TUYEN, VUNG) VALUES
('CS07', 'Cơ sở 07', '3924 Hope Ct, Standard Bldg, Annapolis, MD, 79693', '0970184587', 'Điều trị nội trú', 'Trung tâm');
INSERT INTO DNX.CSYT(MA_CSYT, TEN_CSYT, DC_CSYT, SDT_CSYT, TUYEN, VUNG) VALUES
('CS08', 'Cơ sở 08', '3820 E Mountain Avenue, Helena, MT, 07920', '0997395314', 'Điều trị nội trú', 'Cận trung tâm');
INSERT INTO DNX.CSYT(MA_CSYT, TEN_CSYT, DC_CSYT, SDT_CSYT, TUYEN, VUNG) VALUES
('CS09', 'Cơ sở 09', '66 E Brentwood Hwy, 1st Floor, Juneau, Alaska, 73451', '0902735263', 'Điều trị chuyên sâu', 'Ngoại thành');
INSERT INTO DNX.CSYT(MA_CSYT, TEN_CSYT, DC_CSYT, SDT_CSYT, TUYEN, VUNG) VALUES
('CS10', 'Cơ sở 10', '1546 Flintwood Loop, Denver, CO, 36270', '0919811010', 'Điều trị chuyên sâu', 'Trung tâm');
INSERT INTO DNX.CSYT(MA_CSYT, TEN_CSYT, DC_CSYT, SDT_CSYT, TUYEN, VUNG) VALUES
('CS11', 'Cơ sở 11', '594 West Mountain Court, Salem, Oregon, 14250', '0935154478', 'Điều trị chuyên sâu', 'Ngoại thành');
INSERT INTO DNX.CSYT(MA_CSYT, TEN_CSYT, DC_CSYT, SDT_CSYT, TUYEN, VUNG) VALUES
('CS12', 'Cơ sở 12', '690 Burwood Loop, Plaza Bldg, Atlanta, GA, 02431', '0927113497', 'Điều trị chuyên sâu', 'Ngoại thành');
INSERT INTO DNX.CSYT(MA_CSYT, TEN_CSYT, DC_CSYT, SDT_CSYT, TUYEN, VUNG) VALUES
('CS13', 'Cơ sở 13', '234 3rd Road, Nashville, Tennessee, 07035', '0907929752', 'Điều trị nội trú', 'Trung tâm');
INSERT INTO DNX.CSYT(MA_CSYT, TEN_CSYT, DC_CSYT, SDT_CSYT, TUYEN, VUNG) VALUES
('CS14', 'Cơ sở 14', '946 Social Avenue, Lansing, MI, 94774', '0919671784', 'Điều trị chuyên sâu', 'Ngoại thành');
INSERT INTO DNX.CSYT(MA_CSYT, TEN_CSYT, DC_CSYT, SDT_CSYT, TUYEN, VUNG) VALUES
('CS15', 'Cơ sở 15', '65 Prospect Hill Ave, Bismarck, North Dakota, 15685', '0995122420', 'Điều trị nội trú', 'Ngoại thành');
INSERT INTO DNX.CSYT(MA_CSYT, TEN_CSYT, DC_CSYT, SDT_CSYT, TUYEN, VUNG) VALUES
('CS16', 'Cơ sở 16', '2486 West Riverview Ct, Duke Energy Bldg, Oklahoma City, Oklahoma, 25936', '0906552133', 'Điều trị ngoại trú', 'Cận trung tâm');
INSERT INTO DNX.CSYT(MA_CSYT, TEN_CSYT, DC_CSYT, SDT_CSYT, TUYEN, VUNG) VALUES
('CS17', 'Cơ sở 17', '3551 Prospect Hill Lane, First Security Building, Augusta, Maine, 81695', '0937839568', 'Điều trị chuyên sâu', 'Cận trung tâm');
INSERT INTO DNX.CSYT(MA_CSYT, TEN_CSYT, DC_CSYT, SDT_CSYT, TUYEN, VUNG) VALUES
('CS18', 'Cơ sở 18', '1149 East Highland Court, Little Rock, AR, 53969', '0992639925', 'Điều trị ngoại trú', 'Cận trung tâm');
INSERT INTO DNX.CSYT(MA_CSYT, TEN_CSYT, DC_CSYT, SDT_CSYT, TUYEN, VUNG) VALUES
('CS19', 'Cơ sở 19', '1008 Rockwood Circle, Boise, Idaho, 57323', '0925549947', 'Điều trị nội trú', 'Trung tâm');
INSERT INTO DNX.CSYT(MA_CSYT, TEN_CSYT, DC_CSYT, SDT_CSYT, TUYEN, VUNG) VALUES
('CS20', 'Cơ sở 20', '2205 NW Pine Tree Hwy, Judge Building, Little Rock, Arkansas, 78315', '0906631452', 'Điều trị ngoại trú', 'Cận trung tâm');
INSERT INTO DNX.CSYT(MA_CSYT, TEN_CSYT, DC_CSYT, SDT_CSYT, TUYEN, VUNG) VALUES
('CS21', 'Cơ sở 21', '243 Mount Road, Madison, Wisconsin, 48108', '0957254930', 'Điều trị ngoại trú', 'Cận trung tâm');
INSERT INTO DNX.CSYT(MA_CSYT, TEN_CSYT, DC_CSYT, SDT_CSYT, TUYEN, VUNG) VALUES
('CS22', 'Cơ sở 22', '3174 Woodfort Parkway, Harrisburg, Pennsylvania, 16412', '0956198862', 'Điều trị nội trú', 'Ngoại thành');
INSERT INTO DNX.CSYT(MA_CSYT, TEN_CSYT, DC_CSYT, SDT_CSYT, TUYEN, VUNG) VALUES
('CS23', 'Cơ sở 23', '594 S Front Lane, MidAmerican Bldg, Lincoln, Nebraska, 07616', '0902746901', 'Điều trị ngoại trú', 'Cận trung tâm');
INSERT INTO DNX.CSYT(MA_CSYT, TEN_CSYT, DC_CSYT, SDT_CSYT, TUYEN, VUNG) VALUES
('CS24', 'Cơ sở 24', '991 Chapel Hill Ave, Boston, MA, 64271', '0988478094', 'Điều trị chuyên sâu', 'Trung tâm');
INSERT INTO DNX.CSYT(MA_CSYT, TEN_CSYT, DC_CSYT, SDT_CSYT, TUYEN, VUNG) VALUES
('CS25', 'Cơ sở 25', '359 Glenwood Highway, Denver, Colorado, 36259', '0999172423', 'Điều trị chuyên sâu', 'Cận trung tâm');
INSERT INTO DNX.CSYT(MA_CSYT, TEN_CSYT, DC_CSYT, SDT_CSYT, TUYEN, VUNG) VALUES
('CS26', 'Cơ sở 26', '3084 White Town Circle, 3rd Floor, Austin, TX, 45973', '0900822087', 'Điều trị chuyên sâu', 'Trung tâm');
INSERT INTO DNX.CSYT(MA_CSYT, TEN_CSYT, DC_CSYT, SDT_CSYT, TUYEN, VUNG) VALUES
('CS27', 'Cơ sở 27', '727 Edgewood Avenue, Standard Bldg, Concord, NH, 73317', '0983126673', 'Điều trị chuyên sâu', 'Cận trung tâm');
INSERT INTO DNX.CSYT(MA_CSYT, TEN_CSYT, DC_CSYT, SDT_CSYT, TUYEN, VUNG) VALUES
('CS28', 'Cơ sở 28', '978 East Flintwood Parkway, 1st FL, Harrisburg, Pennsylvania, 04957', '0992954582', 'Điều trị chuyên sâu', 'Trung tâm');
INSERT INTO DNX.CSYT(MA_CSYT, TEN_CSYT, DC_CSYT, SDT_CSYT, TUYEN, VUNG) VALUES
('CS29', 'Cơ sở 29', '2711 Fox Hill Loop, Comcast Bldg, Jefferson City, Missouri, 35166', '0985159938', 'Điều trị ngoại trú', 'Trung tâm');
INSERT INTO DNX.CSYT(MA_CSYT, TEN_CSYT, DC_CSYT, SDT_CSYT, TUYEN, VUNG) VALUES
('CS30', 'Cơ sở 30', '676 Riverview Ln, Phoenix, Arizona, 85963', '0951374937', 'Điều trị nội trú', 'Cận trung tâm');
INSERT INTO DNX.CSYT(MA_CSYT, TEN_CSYT, DC_CSYT, SDT_CSYT, TUYEN, VUNG) VALUES
('CS31', 'Cơ sở 31', '2562 New Rose Hill Lane, Nashville, Tennessee, 62673', '0958465435', 'Điều trị ngoại trú', 'Cận trung tâm');
INSERT INTO DNX.CSYT(MA_CSYT, TEN_CSYT, DC_CSYT, SDT_CSYT, TUYEN, VUNG) VALUES
('CS32', 'Cơ sở 32', '129 Old Waterview Lane, 3rd Floor, Juneau, Alaska, 35740', '0956989112', 'Điều trị ngoại trú', 'Trung tâm');
INSERT INTO DNX.CSYT(MA_CSYT, TEN_CSYT, DC_CSYT, SDT_CSYT, TUYEN, VUNG) VALUES
('CS33', 'Cơ sở 33', '3749 Glenwood St, Penobscot Building, Providence, Rhode Island, 10496', '0973944547', 'Điều trị chuyên sâu', 'Cận trung tâm');
INSERT INTO DNX.CSYT(MA_CSYT, TEN_CSYT, DC_CSYT, SDT_CSYT, TUYEN, VUNG) VALUES
('CS34', 'Cơ sở 34', '133 NW Highland Circle, First Security Building, Cheyenne, Wyoming, 12667', '0933961721', 'Điều trị ngoại trú', 'Cận trung tâm');
INSERT INTO DNX.CSYT(MA_CSYT, TEN_CSYT, DC_CSYT, SDT_CSYT, TUYEN, VUNG) VALUES
('CS35', 'Cơ sở 35', '172 Red Hazelwood Ln, Little Rock, Arkansas, 42560', '0917247724', 'Điều trị ngoại trú', 'Cận trung tâm');
INSERT INTO DNX.CSYT(MA_CSYT, TEN_CSYT, DC_CSYT, SDT_CSYT, TUYEN, VUNG) VALUES
('CS36', 'Cơ sở 36', '215 SW Hunting Hill Ln, Olympia, WA, 84612', '0956011359', 'Điều trị ngoại trú', 'Trung tâm');
INSERT INTO DNX.CSYT(MA_CSYT, TEN_CSYT, DC_CSYT, SDT_CSYT, TUYEN, VUNG) VALUES
('CS37', 'Cơ sở 37', '1311 Hunting Hill Road, First Security Bldg, Salem, OR, 13873', '0953121238', 'Điều trị ngoại trú', 'Trung tâm');
INSERT INTO DNX.CSYT(MA_CSYT, TEN_CSYT, DC_CSYT, SDT_CSYT, TUYEN, VUNG) VALUES
('CS38', 'Cơ sở 38', '2986 NW Edgewood Court, 3rd Floor, Des Moines, IA, 89157', '0938360439', 'Điều trị ngoại trú', 'Ngoại thành');
INSERT INTO DNX.CSYT(MA_CSYT, TEN_CSYT, DC_CSYT, SDT_CSYT, TUYEN, VUNG) VALUES
('CS39', 'Cơ sở 39', '81 White Edgewood Ct, Des Moines, IA, 87309', '0996344130', 'Điều trị chuyên sâu', 'Ngoại thành');
INSERT INTO DNX.CSYT(MA_CSYT, TEN_CSYT, DC_CSYT, SDT_CSYT, TUYEN, VUNG) VALUES
('CS40', 'Cơ sở 40', '1824 South Woodbridge Rd, Columbia, South Carolina, 79288', '0994041853', 'Điều trị nội trú', 'Trung tâm');
INSERT INTO DNX.CSYT(MA_CSYT, TEN_CSYT, DC_CSYT, SDT_CSYT, TUYEN, VUNG) VALUES
('CS41', 'Cơ sở 41', '1096 West Hazelwood Hwy, Phoenix, Arizona, 19397', '0927888561', 'Điều trị chuyên sâu', 'Trung tâm');
INSERT INTO DNX.CSYT(MA_CSYT, TEN_CSYT, DC_CSYT, SDT_CSYT, TUYEN, VUNG) VALUES
('CS42', 'Cơ sở 42', '263 Beachwood Highway, Bismarck, ND, 21008', '0932730502', 'Điều trị nội trú', 'Trung tâm');
INSERT INTO DNX.CSYT(MA_CSYT, TEN_CSYT, DC_CSYT, SDT_CSYT, TUYEN, VUNG) VALUES
('CS43', 'Cơ sở 43', '1474 Old Monument Pkwy, Lansing, MI, 52988', '0998538561', 'Điều trị chuyên sâu', 'Cận trung tâm');
INSERT INTO DNX.CSYT(MA_CSYT, TEN_CSYT, DC_CSYT, SDT_CSYT, TUYEN, VUNG) VALUES
('CS44', 'Cơ sở 44', '379 Rock Hill Court, Trenton, NJ, 30307', '0980611192', 'Điều trị chuyên sâu', 'Cận trung tâm');
INSERT INTO DNX.CSYT(MA_CSYT, TEN_CSYT, DC_CSYT, SDT_CSYT, TUYEN, VUNG) VALUES
('CS45', 'Cơ sở 45', '2871 Burwood Pkwy, Guardian Building, Baton Rouge, Louisiana, 63111', '0978693141', 'Điều trị ngoại trú', 'Ngoại thành');
INSERT INTO DNX.CSYT(MA_CSYT, TEN_CSYT, DC_CSYT, SDT_CSYT, TUYEN, VUNG) VALUES
('CS46', 'Cơ sở 46', '523 E Farmview Blvd, 257 Towers Bldg, Montpelier, Vermont, 24880', '0932519380', 'Điều trị chuyên sâu', 'Trung tâm');
INSERT INTO DNX.CSYT(MA_CSYT, TEN_CSYT, DC_CSYT, SDT_CSYT, TUYEN, VUNG) VALUES
('CS47', 'Cơ sở 47', '2646 Rose Hill Court, Buhl Bldg, Hartford, CT, 50817', '0914337031', 'Điều trị ngoại trú', 'Cận trung tâm');
INSERT INTO DNX.CSYT(MA_CSYT, TEN_CSYT, DC_CSYT, SDT_CSYT, TUYEN, VUNG) VALUES
('CS48', 'Cơ sở 48', '2382 2nd Road, MidAmerican Building, Helena, Montana, 35263', '0941124469', 'Điều trị nội trú', 'Cận trung tâm');
INSERT INTO DNX.CSYT(MA_CSYT, TEN_CSYT, DC_CSYT, SDT_CSYT, TUYEN, VUNG) VALUES
('CS49', 'Cơ sở 49', '2585 Front Street, Augusta, ME, 08048', '0927902058', 'Điều trị ngoại trú', 'Trung tâm');

--
-- Inserting data into table DNX.DICHVU
--
INSERT INTO DNX.DICHVU(MA_DV, TEN_DV, GHICHU) VALUES
('DV00', 'Chụp X-quang', 'C64ZJ6D2B3N16C6ASB372EHEPQE0KB046W83459P19987P3ZM');
INSERT INTO DNX.DICHVU(MA_DV, TEN_DV, GHICHU) VALUES
('DV01', 'Khám dịch vụ', '33');
INSERT INTO DNX.DICHVU(MA_DV, TEN_DV, GHICHU) VALUES
('DV02', 'Nội soi', 'DREIPWXNI2LP11K0947JC0GX95B8D');
INSERT INTO DNX.DICHVU(MA_DV, TEN_DV, GHICHU) VALUES
('DV03', 'Xét nghiệm máu', 'R0GRBM6K0OSL47EQFMM2425P');
INSERT INTO DNX.DICHVU(MA_DV, TEN_DV, GHICHU) VALUES
('DV04', 'Khám tổng quát', 'W25724ZT1DA26UH6802VVEW4PCK');

--
-- Inserting data into table DNX.KHOA
--
INSERT INTO DNX.KHOA(MA_KHOA, TEN_KHOA) VALUES
('KH00', 'Nhi khoa');
INSERT INTO DNX.KHOA(MA_KHOA, TEN_KHOA) VALUES
('KH01', 'Dinh dưỡng');
INSERT INTO DNX.KHOA(MA_KHOA, TEN_KHOA) VALUES
('KH02', 'Phụ sản');
INSERT INTO DNX.KHOA(MA_KHOA, TEN_KHOA) VALUES
('KH03', 'Cấp cứu');
INSERT INTO DNX.KHOA(MA_KHOA, TEN_KHOA) VALUES
('KH04', 'Chấn thương chỉnh hình');

--
-- Inserting data into table DNX.BENHNHAN
--
INSERT INTO DNX.BENHNHAN(MA_BN, MA_CSYT, TEN_BN, CMND, NGAYSINH, SONHA, TENDUONG, QUANHUYEN, TINHTP, TIENSUBENH, TIENSUBENHGD, DIUNGTHUOC) VALUES
('BN00000', 'CS06', 'Hugh Mcclintock', '1863341403', '01/01/1970 00:00:32', '73', 'Railway Arch 5', 'Swadlincote', 'Plymouth', '7BK33ETB436Q', 'R764463T7FH1J2IX83Q7458ANM962WD1E9CP207B0K547A37LHJM0HX8Y5PRAF3H36VG98', 'K141OYJ58BLIIUP650T94P62K6CBBZW6552PF4YU9131');
INSERT INTO DNX.BENHNHAN(MA_BN, MA_CSYT, TEN_BN, CMND, NGAYSINH, SONHA, TENDUONG, QUANHUYEN, TINHTP, TIENSUBENH, TIENSUBENHGD, DIUNGTHUOC) VALUES
('BN00001', 'CS02', 'Adelaida Pineda', '0662590795', '12/08/1995 11:58:45', '2687', 'Railway Arch 46', 'Ystrad Meurig', 'Northampton', 'Z6I4UGQOOX67DLE0WXA', 'Z74CDG51439', 'AAMC77TY6V2SUY99440ROGUXS8SA2V533594395B3SZF573FH9UY6');
INSERT INTO DNX.BENHNHAN(MA_BN, MA_CSYT, TEN_BN, CMND, NGAYSINH, SONHA, TENDUONG, QUANHUYEN, TINHTP, TIENSUBENH, TIENSUBENHGD, DIUNGTHUOC) VALUES
('BN00002', 'CS36', 'Lucien Ackerman', '4367512489', '01/01/1970 00:03:23', '37096', 'Railway Arch 1', 'Augher', 'Brighton', NULL, 'U1', 'G0IOQTVAN58');
INSERT INTO DNX.BENHNHAN(MA_BN, MA_CSYT, TEN_BN, CMND, NGAYSINH, SONHA, TENDUONG, QUANHUYEN, TINHTP, TIENSUBENH, TIENSUBENHGD, DIUNGTHUOC) VALUES
('BN00003', 'CS09', 'Drew Ison', '4030057322', '12/01/1983 19:17:22', '385', 'Railway Arch 4', 'Brighton', 'Liverpool', '2LXRQ833N2498NC20TM821Y5851VYHILTNSBXV78KH9MVDYP9YO34JJ8M', '33FZZ198F9I129WQ08T0QW3TJ7L66WTZ5ELQ404553M5K8I88TA394D2G50MLGVH58345Q', 'U30DXTZ9748Q35TFJ50LN9K6UAXDQ411');
INSERT INTO DNX.BENHNHAN(MA_BN, MA_CSYT, TEN_BN, CMND, NGAYSINH, SONHA, TENDUONG, QUANHUYEN, TINHTP, TIENSUBENH, TIENSUBENHGD, DIUNGTHUOC) VALUES
('BN00004', 'CS20', 'Duane Marx', '5492066329', '01/01/1970 00:01:40', '333', 'Unit 5-9, 1st Floor', 'North Ferriby', 'Birmingham', '2XM8WKXX8D5XCSX73H03E3PL66PT0', 'KE9VW53CJ95GW19566ED8HK17THSQPDNTG6XI694904C', 'N71E92RR');
INSERT INTO DNX.BENHNHAN(MA_BN, MA_CSYT, TEN_BN, CMND, NGAYSINH, SONHA, TENDUONG, QUANHUYEN, TINHTP, TIENSUBENH, TIENSUBENHGD, DIUNGTHUOC) VALUES
('BN00005', 'CS12', 'Abigail Ahmed', '9744699512', '02/20/2010 02:09:58', '22', 'Flats 1-9', 'Halstead', 'West Bromwich', '8ACG9HB0717VR0RKHNF21OG3BG0', '3H08D6X4D9851630521659PG0576K52W7H03R3XI8SE97QC9YE0E17V3DNIS3IU25J6JXH83VS98975X9WL4P9RCW3', 'M406Y2I17T6866C2T44M6U3V8QK7G00VS29EQG7YI12117267603ZG8IC325JW8G7Z4TS4PM');
INSERT INTO DNX.BENHNHAN(MA_BN, MA_CSYT, TEN_BN, CMND, NGAYSINH, SONHA, TENDUONG, QUANHUYEN, TINHTP, TIENSUBENH, TIENSUBENHGD, DIUNGTHUOC) VALUES
('BN00006', 'CS35', 'Antonia Ball', '3520609056', '04/13/1978 09:34:59', '511', 'Flat 3', 'Whitburn', 'Sunderland', '2BC', '7Z694LCDV08D', '0N5JHC928Q14K8C02Y8N99M4E1130P5B943');
INSERT INTO DNX.BENHNHAN(MA_BN, MA_CSYT, TEN_BN, CMND, NGAYSINH, SONHA, TENDUONG, QUANHUYEN, TINHTP, TIENSUBENH, TIENSUBENHGD, DIUNGTHUOC) VALUES
('BN00007', 'CS13', 'Lorie Singleton', '9418624099', '01/01/1970 00:00:54', '99336', 'Railway Arch 4', 'Dulwich', 'Slough', '5L5WL11Y3B3H24I5S66QP71Z74D683ZQY23VY3UQX8U73QQ1246U40AK60T337RW2DJION2V9SH6Z276PUW4586DS32TMMS48P185H10VXTPL', 'X5Z9V84T72FZ4F465908D860Z7K08K81533H29XJY4J33URT2VSVOZ', 'A');
INSERT INTO DNX.BENHNHAN(MA_BN, MA_CSYT, TEN_BN, CMND, NGAYSINH, SONHA, TENDUONG, QUANHUYEN, TINHTP, TIENSUBENH, TIENSUBENHGD, DIUNGTHUOC) VALUES
('BN00008', 'CS09', 'Deangelo Baxter', '5633431190', '01/01/1970 00:08:32', '61401', 'Railway Arch 8', 'Aughnacloy', 'Poole', '910YWL37RRU62Q9MA8SIEKB0F3YHIP9AE9FMM9Z', 'Y7V3G2PZK569W0GG445W0OL451LYO852BALH2Q3PZVL8Q9GOXU', '8DS6GBT97Q37V42F');
INSERT INTO DNX.BENHNHAN(MA_BN, MA_CSYT, TEN_BN, CMND, NGAYSINH, SONHA, TENDUONG, QUANHUYEN, TINHTP, TIENSUBENH, TIENSUBENHGD, DIUNGTHUOC) VALUES
('BN00009', 'CS05', 'Alfonso Worley', '7410590636', '01/01/1970 00:00:04', '90374', 'Unit 2-9', 'Kettering', 'Norwich', 'G761O621J012ZJX54Y1', 'L76', 'J5756296K43KLBL997023Q0X0W9UW5WT4U75C17');
INSERT INTO DNX.BENHNHAN(MA_BN, MA_CSYT, TEN_BN, CMND, NGAYSINH, SONHA, TENDUONG, QUANHUYEN, TINHTP, TIENSUBENH, TIENSUBENHGD, DIUNGTHUOC) VALUES
('BN00010', 'CS03', 'Ada Abreu', '2286514513', '01/01/1970 00:21:35', '666', 'Railway Arch 22C', 'Machynlleth', 'Gloucester', '6Z05XM52G0K', '29PR9N6D', '22W2V009V6HTQ1FP37LFS33ZYB30B5M2T06961E35');
INSERT INTO DNX.BENHNHAN(MA_BN, MA_CSYT, TEN_BN, CMND, NGAYSINH, SONHA, TENDUONG, QUANHUYEN, TINHTP, TIENSUBENH, TIENSUBENHGD, DIUNGTHUOC) VALUES
('BN00011', 'CS32', 'Winford Abrams', '9888769178', '01/01/1970 00:00:08', '662', 'Flat 55', 'Brighton', 'Bristol', '21351GJ4753QFU94', '6F6', '435LKINSP91M4IDJVJ27E8F701F8U14493CZN3TK21V99L813K4E51J51B');
INSERT INTO DNX.BENHNHAN(MA_BN, MA_CSYT, TEN_BN, CMND, NGAYSINH, SONHA, TENDUONG, QUANHUYEN, TINHTP, TIENSUBENH, TIENSUBENHGD, DIUNGTHUOC) VALUES
('BN00012', 'CS31', 'Vernia Mccollum', '2475640765', '01/01/1970 00:03:51', '694', 'Railway Arch 8', 'Haltwhistle', 'Walsall', '3J372F8Y5328QXG8M757OEIO526KJ93930', 'QG39UDH47', '6');
INSERT INTO DNX.BENHNHAN(MA_BN, MA_CSYT, TEN_BN, CMND, NGAYSINH, SONHA, TENDUONG, QUANHUYEN, TINHTP, TIENSUBENH, TIENSUBENHGD, DIUNGTHUOC) VALUES
('BN00013', 'CS19', 'See Wharton', '8404075307', '10/27/1994 21:00:53', '84', 'Railway Arch 10C', 'Aviemore', 'Blackburn', 'XRVHEUA4H95WJ1479Z22K60U', 'N62OQC5YJ715FSX64QAMDY2KKMZ9L4FQN1ER1QE950583', 'XB8T58R065VK7D02BM00EZE27271XZE1H27ZUF15R7G');
INSERT INTO DNX.BENHNHAN(MA_BN, MA_CSYT, TEN_BN, CMND, NGAYSINH, SONHA, TENDUONG, QUANHUYEN, TINHTP, TIENSUBENH, TIENSUBENHGD, DIUNGTHUOC) VALUES
('BN00014', 'CS35', 'Ronnie Alger', '1058194630', '05/30/2020 15:49:19', '37', 'Railway Arch 99A', 'Kidderminster', 'London', 'ZXG', '9T', '0YK86H878OG1R28IWZ4JF0EW106Q82XNA6734OSA33');
INSERT INTO DNX.BENHNHAN(MA_BN, MA_CSYT, TEN_BN, CMND, NGAYSINH, SONHA, TENDUONG, QUANHUYEN, TINHTP, TIENSUBENH, TIENSUBENHGD, DIUNGTHUOC) VALUES
('BN00015', 'CS45', 'Candis Gallo', '3950529011', '01/01/1970 00:01:22', '96011', 'Railway Arch 3C', 'Swaffham', 'Cambridge', 'V0NWJ5Q6XYW16GL4O23Q4N8AF83SSV16LXIUBZQHRJ68R8BOYA4X4A76ATZUR4QAI3AK8', 'K7AF83IY0TIJ9Z32SS8IIF6C16', '892XK31LK3');
INSERT INTO DNX.BENHNHAN(MA_BN, MA_CSYT, TEN_BN, CMND, NGAYSINH, SONHA, TENDUONG, QUANHUYEN, TINHTP, TIENSUBENH, TIENSUBENHGD, DIUNGTHUOC) VALUES
('BN00016', 'CS27', 'Juliette Keeling', '4784405899', '01/01/1970 00:41:03', '53', 'Unit 6, Block A', 'Brighton', 'Blackpool', NULL, 'DBGM4G1X72308AQ41936263XTBI', '17R3U6L33SFURD');
INSERT INTO DNX.BENHNHAN(MA_BN, MA_CSYT, TEN_BN, CMND, NGAYSINH, SONHA, TENDUONG, QUANHUYEN, TINHTP, TIENSUBENH, TIENSUBENHGD, DIUNGTHUOC) VALUES
('BN00017', 'CS35', 'Luanne Fry', '9259991382', '01/07/2021 06:05:57', '18', 'Railway Arch 95', 'Maesteg', 'Portsmouth', '4614M5Y02OE24G64OV82918348PI087F209UDIKP64NNW', 'OT56H86', '69L60M6737277YXFXB7HL23F47987V4B10XOB73Q26PIOYVE8LHSH7Y9A337C61UC408BYAGK1NHBVR1298ZL6SES5WS0IOIHQO1704W1');
INSERT INTO DNX.BENHNHAN(MA_BN, MA_CSYT, TEN_BN, CMND, NGAYSINH, SONHA, TENDUONG, QUANHUYEN, TINHTP, TIENSUBENH, TIENSUBENHGD, DIUNGTHUOC) VALUES
('BN00018', 'CS16', 'Danielle Holcombe', '0671144769', '06/10/1992 09:25:16', '8809', 'Railway Arch 57', 'Kidlington', 'Wolverhampton', 'T5AG27UQ453', '65907EZU8474343J9H24K33DH5A6INOUB1ZQ2563O8AOKD8', '3WZ5V385GZZKJ0X57NQNW0F8L667HAIE2HJS');
INSERT INTO DNX.BENHNHAN(MA_BN, MA_CSYT, TEN_BN, CMND, NGAYSINH, SONHA, TENDUONG, QUANHUYEN, TINHTP, TIENSUBENH, TIENSUBENHGD, DIUNGTHUOC) VALUES
('BN00019', 'CS04', 'Velia Abney', '0217816797', '07/01/1970 10:26:32', '76', 'Railway Arch 7', 'Dumbarton', 'Watford', 'PQJA5017809MQE5AAGOS96QMXAGRT7O86J4WU24HD3DH00Q11KU85H1B716NS03LXY7M9W3R6EJ44K5TR5O89', 'PW0M5WC68H94N69E9F42511X2HM9L2X30093A1047OSSD2L3D43YDH87X3C1WD6580', 'SQX6C32G1VK53');
INSERT INTO DNX.BENHNHAN(MA_BN, MA_CSYT, TEN_BN, CMND, NGAYSINH, SONHA, TENDUONG, QUANHUYEN, TINHTP, TIENSUBENH, TIENSUBENHGD, DIUNGTHUOC) VALUES
('BN00020', 'CS10', 'Kirstie Crenshaw', '0000884457', '02/16/1986 14:06:44', '56', 'Railway Arch 3', 'Whitby', 'Sutton Coldfield', 'U7118', '0099O', NULL);
INSERT INTO DNX.BENHNHAN(MA_BN, MA_CSYT, TEN_BN, CMND, NGAYSINH, SONHA, TENDUONG, QUANHUYEN, TINHTP, TIENSUBENH, TIENSUBENHGD, DIUNGTHUOC) VALUES
('BN00021', 'CS48', 'Leonardo Light', '8706941240', '02/22/1983 13:13:25', '146', 'Flats 5-8', 'Maghera', 'Southampton', '24O3P982NX6BW89298I474XAH', '544R9UVK90V1FSBG8', 'X978C');
INSERT INTO DNX.BENHNHAN(MA_BN, MA_CSYT, TEN_BN, CMND, NGAYSINH, SONHA, TENDUONG, QUANHUYEN, TINHTP, TIENSUBENH, TIENSUBENHGD, DIUNGTHUOC) VALUES
('BN00022', 'CS37', 'Roy Abbott', '9140832984', '10/17/2007 21:09:17', '23185', 'Unit 6, Block A', 'Swanage', 'Nottingham', '650', 'S3MWJ04DI04', '197D0T262J');
INSERT INTO DNX.BENHNHAN(MA_BN, MA_CSYT, TEN_BN, CMND, NGAYSINH, SONHA, TENDUONG, QUANHUYEN, TINHTP, TIENSUBENH, TIENSUBENHGD, DIUNGTHUOC) VALUES
('BN00023', 'CS09', 'Alexandra Zhang', '7023721593', '09/05/2011 22:26:15', '34', 'Railway Arch 8C', 'Hamilton', 'Preston', '07', 'K67TS1', 'T8706090906JU45V3074C478MX1AEY61KC07R2ZI1FLJ06K');
INSERT INTO DNX.BENHNHAN(MA_BN, MA_CSYT, TEN_BN, CMND, NGAYSINH, SONHA, TENDUONG, QUANHUYEN, TINHTP, TIENSUBENH, TIENSUBENHGD, DIUNGTHUOC) VALUES
('BN00024', 'CS14', 'Stephine Alaniz', '2204587227', '05/10/1982 07:52:38', '391', 'Railway Arch 39B', 'Whitchurch', 'Huddersfield', 'N4P4ZX9BU2S8HR59B2S', '05N4VMAW8E9KA6WKM9F75K44TJ18S2QB812HRLP31805065', '649X493PE1M4E143');
INSERT INTO DNX.BENHNHAN(MA_BN, MA_CSYT, TEN_BN, CMND, NGAYSINH, SONHA, TENDUONG, QUANHUYEN, TINHTP, TIENSUBENH, TIENSUBENHGD, DIUNGTHUOC) VALUES
('BN00025', 'CS16', 'Quinn Coe', '2031625836', '06/19/1971 14:59:20', '739', 'Unit 2, Block B', 'Kidwelly', 'York', '62', NULL, 'ABW7091UA10Q157E4E1Q0V8HRXJS69PG198NL3QMZNUA591G27');
INSERT INTO DNX.BENHNHAN(MA_BN, MA_CSYT, TEN_BN, CMND, NGAYSINH, SONHA, TENDUONG, QUANHUYEN, TINHTP, TIENSUBENH, TIENSUBENHGD, DIUNGTHUOC) VALUES
('BN00026', 'CS30', 'Carroll Palumbo', '0311725054', '06/24/1997 01:21:55', '701', 'Railway Arch 6', 'Magherafelt', 'Oldham', 'M', '28009P400R4W7O04X7', '165LWQGVK9309GK');
INSERT INTO DNX.BENHNHAN(MA_BN, MA_CSYT, TEN_BN, CMND, NGAYSINH, SONHA, TENDUONG, QUANHUYEN, TINHTP, TIENSUBENH, TIENSUBENHGD, DIUNGTHUOC) VALUES
('BN00027', 'CS07', 'Abe Sisk', '6305372553', '01/01/1970 00:01:39', '36', 'Railway Arch 4', 'Sale', 'Luton', '145U86F77F38V3GN05Z37XA2', 'AW8047', '6Z0X7G7RJI9Z');
INSERT INTO DNX.BENHNHAN(MA_BN, MA_CSYT, TEN_BN, CMND, NGAYSINH, SONHA, TENDUONG, QUANHUYEN, TINHTP, TIENSUBENH, TIENSUBENHGD, DIUNGTHUOC) VALUES
('BN00028', 'CS23', 'Juan Alger', '5367589694', '11/15/1985 02:14:44', '81490', 'Railway Arch 2', 'Avoch', 'Middlesbrough', '71O43K8W', 'W2JN70NV5N821QP524EY2GCRDJR9259H67K29542CW7163TEEW1N9ZG800', 'ZRHJ61XD1798XMB0');
INSERT INTO DNX.BENHNHAN(MA_BN, MA_CSYT, TEN_BN, CMND, NGAYSINH, SONHA, TENDUONG, QUANHUYEN, TINHTP, TIENSUBENH, TIENSUBENHGD, DIUNGTHUOC) VALUES
('BN00029', 'CS45', 'Antonia Abel', '6712406333', '10/16/1970 05:20:48', '3137', 'Railway Arch 5', 'North Finchley', 'Ipswich', '43D4K3Y3497T67794Y8C', 'D3ZE9MJD84ZR683DN089G148G3N43X93W4XG8AB0E654BOST1Y206VU1636Y84OQ5', '7HBLE374E9Y42KYJ85B9QRSI90');
INSERT INTO DNX.BENHNHAN(MA_BN, MA_CSYT, TEN_BN, CMND, NGAYSINH, SONHA, TENDUONG, QUANHUYEN, TINHTP, TIENSUBENH, TIENSUBENHGD, DIUNGTHUOC) VALUES
('BN00030', 'CS11', 'Homer Rosen', '7882876900', '01/01/1970 00:11:32', '413', 'Railway Arch 1', 'Salford', 'Colchester', 'J59S74VLOBL', 'P76B5ID10JCAL6469I3EO545L2PZ56F1MA0W2G2RMM28C5QR21BW', 'L4014WQ9V');
INSERT INTO DNX.BENHNHAN(MA_BN, MA_CSYT, TEN_BN, CMND, NGAYSINH, SONHA, TENDUONG, QUANHUYEN, TINHTP, TIENSUBENH, TIENSUBENHGD, DIUNGTHUOC) VALUES
('BN00031', 'CS13', 'Delena Alvarado', '5234308561', '01/01/1970 00:07:21', '923', 'Railway Arch 3', 'Dumfries', 'Bolton', '2J', '293E', '7VSUL0ONJ1');
INSERT INTO DNX.BENHNHAN(MA_BN, MA_CSYT, TEN_BN, CMND, NGAYSINH, SONHA, TENDUONG, QUANHUYEN, TINHTP, TIENSUBENH, TIENSUBENHGD, DIUNGTHUOC) VALUES
('BN00032', 'CS31', 'Darell Applegate', '5880117277', '02/01/1993 01:05:34', '52', 'Railway Arch 2', 'Bristol', 'Coventry', '6KA8P04791A6UR7Q9GV06F458L54P53PIUU41C03178CTZ8IF6MH9N76VY6G8YZR6QKLDI6F5HH', NULL, '93B');
INSERT INTO DNX.BENHNHAN(MA_BN, MA_CSYT, TEN_BN, CMND, NGAYSINH, SONHA, TENDUONG, QUANHUYEN, TINHTP, TIENSUBENH, TIENSUBENHGD, DIUNGTHUOC) VALUES
('BN00033', 'CS31', 'Edgardo Briones', '4994891247', '08/18/1986 18:00:19', '21', 'Arch 70', 'Hammersmith', 'Manchester', 'F611BR22L963NLP5TKNDP3QEYK67AFER029V', 'KWXW950', 'W10611IO5X6');
INSERT INTO DNX.BENHNHAN(MA_BN, MA_CSYT, TEN_BN, CMND, NGAYSINH, SONHA, TENDUONG, QUANHUYEN, TINHTP, TIENSUBENH, TIENSUBENHGD, DIUNGTHUOC) VALUES
('BN00034', 'CS38', 'Shirely Lemmon', '7463116566', '07/27/1996 01:54:18', '4066', 'Railway Arch 2', 'Kilbarchan', 'Bournemouth', '75S4PF7D8SH7TF9Y7942Z60', 'E57UM8Y0R8CM3T50O9WBK8660OQ68', 'ND1234W70B0DAW427SOM3V0W017N95QI4610TTGGHEY159Q8');
INSERT INTO DNX.BENHNHAN(MA_BN, MA_CSYT, TEN_BN, CMND, NGAYSINH, SONHA, TENDUONG, QUANHUYEN, TINHTP, TIENSUBENH, TIENSUBENHGD, DIUNGTHUOC) VALUES
('BN00035', 'CS23', 'Fredric Currie', '0875404816', '08/29/2002 05:34:32', '95', 'Arch 4', 'Maida Vale', 'Kingston upon Hull', 'GFVQJ59V8LHQ3W6VSQ34YLG6KTOKVA0554E9271NPEE837VJRA57G92S70K1360MW3VBP98B4TTOW3H99U8', '4WB93860MHDRHR4ME3MJIF3W0VQOARY0KWR4OAH4BA', 'U992139G167451PO588KC9V3VZN9O2IZDEQA53042');
INSERT INTO DNX.BENHNHAN(MA_BN, MA_CSYT, TEN_BN, CMND, NGAYSINH, SONHA, TENDUONG, QUANHUYEN, TINHTP, TIENSUBENH, TIENSUBENHGD, DIUNGTHUOC) VALUES
('BN00036', 'CS35', 'Manual Okeefe', '1074677631', '08/08/2004 10:03:43', '90029', 'Railway Arch 3', 'Dunbar', 'Crawley', '2KWU6D3NJ2S9TBMIA', '817P14DIB3UTU138RQGN', '428N');
INSERT INTO DNX.BENHNHAN(MA_BN, MA_CSYT, TEN_BN, CMND, NGAYSINH, SONHA, TENDUONG, QUANHUYEN, TINHTP, TIENSUBENH, TIENSUBENHGD, DIUNGTHUOC) VALUES
('BN00037', 'CS18', 'Abdul Alcorn', '4579294788', '05/25/2000 19:15:52', '405', 'Flat 21', 'Swanley', 'Bradford', 'KZP20M14E0AA1311IAD4QPZGS3TD0DDDO042FM018U7T40', 'O7U3BAX0X1D6Z1V2ZH676G80K7S9Y4NT85', '833I6GNTC674OR54E');
INSERT INTO DNX.BENHNHAN(MA_BN, MA_CSYT, TEN_BN, CMND, NGAYSINH, SONHA, TENDUONG, QUANHUYEN, TINHTP, TIENSUBENH, TIENSUBENHGD, DIUNGTHUOC) VALUES
('BN00038', 'CS00', 'Donnetta Steed', '4313427050', '02/09/1984 08:27:59', '8354', 'Flats B-D', 'Kilbirnie', 'Swindon', '805LQG', '090579VF0VT2U58LWIBS185', '3B');
INSERT INTO DNX.BENHNHAN(MA_BN, MA_CSYT, TEN_BN, CMND, NGAYSINH, SONHA, TENDUONG, QUANHUYEN, TINHTP, TIENSUBENH, TIENSUBENHGD, DIUNGTHUOC) VALUES
('BN00039', 'CS03', 'Elliot Niles', '4291114131', '01/01/1970 00:00:01', '294', 'Flat 4', 'North Kensington', 'Dudley', '35163LRFB612BB6FQ12QXT1V33AR9781RQ254K2289S9753DER284J2L2KI896ZV50F0QE0B4RH797V32737KFSI984R990E5IJO949NS83089E32N1VKYE', 'NDXO96304H63PWJB93838B5', 'A432D3RXD2ZHJ6Z822Z167FPY367GWZ74050ZJ');
INSERT INTO DNX.BENHNHAN(MA_BN, MA_CSYT, TEN_BN, CMND, NGAYSINH, SONHA, TENDUONG, QUANHUYEN, TINHTP, TIENSUBENH, TIENSUBENHGD, DIUNGTHUOC) VALUES
('BN00040', 'CS46', 'Adalberto Montanez', '3043505204', '04/18/1970 16:17:19', '46', 'Arch 20', 'Maidenhead', 'Derby', 'MRGT8LCLY97MEOG9C20', NULL, '8O9X05O31PLPPU701OL37740IAP44UMQZO93D883VTZ22LO0B9737D8F97P6A799I9S4P97');
INSERT INTO DNX.BENHNHAN(MA_BN, MA_CSYT, TEN_BN, CMND, NGAYSINH, SONHA, TENDUONG, QUANHUYEN, TINHTP, TIENSUBENH, TIENSUBENHGD, DIUNGTHUOC) VALUES
('BN00041', 'CS04', 'Ken Cline', '4320269044', '04/24/2004 07:56:36', '540', 'Arch 7C', 'Axbridge', 'Leeds', '04558G8EYQY1LM7OY9T9BGS7W0F6PDT139K46I0T4HRYR4', '99S0', '59FFDA85816WG6E554JC50SJKN23CRFX146605S');
INSERT INTO DNX.BENHNHAN(MA_BN, MA_CSYT, TEN_BN, CMND, NGAYSINH, SONHA, TENDUONG, QUANHUYEN, TINHTP, TIENSUBENH, TIENSUBENHGD, DIUNGTHUOC) VALUES
('BN00042', 'CS42', 'Phillip Maes', '1016569117', '01/01/1970 00:00:56', '42', 'Railway Arch 73', 'Kilburn', 'Oxford', '0WJHI33042FO', 'ZTP1GZB946Y79962N01C2LYI618B0COIH0FB19QD6C0X0517K2O4EVM3160132K5X', NULL);
INSERT INTO DNX.BENHNHAN(MA_BN, MA_CSYT, TEN_BN, CMND, NGAYSINH, SONHA, TENDUONG, QUANHUYEN, TINHTP, TIENSUBENH, TIENSUBENHGD, DIUNGTHUOC) VALUES
('BN00043', 'CS46', 'Edison Rohr', '7769105986', '09/26/1971 00:46:38', '48', 'Railway Arch 9', 'Brixham', 'Eastbourne', '4', 'VVG404800XLOV0CUHK4J4843NNNIG975C6BL31II20A8351Y3Z7Y9N12', '26M2050M4BT6');
INSERT INTO DNX.BENHNHAN(MA_BN, MA_CSYT, TEN_BN, CMND, NGAYSINH, SONHA, TENDUONG, QUANHUYEN, TINHTP, TIENSUBENH, TIENSUBENHGD, DIUNGTHUOC) VALUES
('BN00044', 'CS12', 'Jeremy Conyers', '2249737038', '01/25/2001 04:28:12', '41099', 'Railway Arch 8', 'Hampstead', 'Leicester', 'N9OC472EE7', 'A655567Z6UA7G0CUGU', 'R95K8LPCLQ99BR48XG992Z7S710Y9PWID03LKB255KNE8K');
INSERT INTO DNX.BENHNHAN(MA_BN, MA_CSYT, TEN_BN, CMND, NGAYSINH, SONHA, TENDUONG, QUANHUYEN, TINHTP, TIENSUBENH, TIENSUBENHGD, DIUNGTHUOC) VALUES
('BN00045', 'CS24', 'Samara Mata', '0568956906', '05/29/1970 19:00:10', '97', 'Arch 46A', 'Axminster', 'Milton Keynes', 'L47417887S75LB7RV0382N0637V', '419B07FLQ', 'HGI');
INSERT INTO DNX.BENHNHAN(MA_BN, MA_CSYT, TEN_BN, CMND, NGAYSINH, SONHA, TENDUONG, QUANHUYEN, TINHTP, TIENSUBENH, TIENSUBENHGD, DIUNGTHUOC) VALUES
('BN00046', 'CS33', 'Arianna Mendenhall', '2918419381', '08/20/2013 16:55:59', '3375', 'Unit 8, Block C', 'Salisbury', 'Southend-on-Sea', 'F5X2O39S26TO9WH0OEXS5458TRAFL5JMWR6KG18U72H6848Y', 'AEHAM9B', 'JT2MFPA907Z857LQC9MW4D5B8L8NVSJ6F3IC33R4HMVTMB3BQ009O4KY88G46N1Q72KBEHWI7WM2168S1GZYWRI72858J23QBF2JLVVDAX6O3RN2O960AR136YIBHUI49W9R7ATLHTNDJL02MZHBCOIX9P43X4S0BCOCS92RY0076GW7S63BA48H8045JGG');
INSERT INTO DNX.BENHNHAN(MA_BN, MA_CSYT, TEN_BN, CMND, NGAYSINH, SONHA, TENDUONG, QUANHUYEN, TINHTP, TIENSUBENH, TIENSUBENHGD, DIUNGTHUOC) VALUES
('BN00047', 'CS19', 'Modesta Bronson', '7124564263', '03/16/1979 10:50:22', '59', 'Railway Arch 7', 'Brixton', 'Telford', NULL, '76C23E3ADFJ', NULL);
INSERT INTO DNX.BENHNHAN(MA_BN, MA_CSYT, TEN_BN, CMND, NGAYSINH, SONHA, TENDUONG, QUANHUYEN, TINHTP, TIENSUBENH, TIENSUBENHGD, DIUNGTHUOC) VALUES
('BN00048', 'CS13', 'Agnes Barbosa', '8611393742', '10/17/2019 22:24:53', '31', 'Flats 1-6', 'Maidstone', 'Exeter', NULL, NULL, NULL);
INSERT INTO DNX.BENHNHAN(MA_BN, MA_CSYT, TEN_BN, CMND, NGAYSINH, SONHA, TENDUONG, QUANHUYEN, TINHTP, TIENSUBENH, TIENSUBENHGD, DIUNGTHUOC) VALUES
('BN00049', 'CS27', 'Mireya Betancourt', '6214592826', '01/01/1970 00:17:25', '36490', 'Flats 3-7', 'Kilgetty', 'Peterborough', NULL, NULL, NULL);

--
-- Inserting data into table DNX.NHANVIEN
--
INSERT INTO DNX.NHANVIEN(MA_NV, HOTEN, PHAI, NGAYSINH, CMND, QUEQUAN, SDT, CSYT, VAITRO, CHUYENKHOA) VALUES
('NV0000', 'Adrien Brockman', 'Nữ', '01/01/1970 00:00:08', '9266806585', 'Zuni', '0944297992', 'CS01', 'Y sĩ/Bác sĩ', 'KH00');
INSERT INTO DNX.NHANVIEN(MA_NV, HOTEN, PHAI, NGAYSINH, CMND, QUEQUAN, SDT, CSYT, VAITRO, CHUYENKHOA) VALUES
('NV0001', 'Jonah Peachey', 'Nam', '01/25/1996 02:58:23', '9523317517', 'Bloomfield Hills', '0960737427', 'CS00', 'Nghiên cứu', 'KH01');
INSERT INTO DNX.NHANVIEN(MA_NV, HOTEN, PHAI, NGAYSINH, CMND, QUEQUAN, SDT, CSYT, VAITRO, CHUYENKHOA) VALUES
('NV0002', 'Aiko Nieto', 'Nữ', '03/19/1999 16:10:18', '4912282891', 'Gazelle', '0909811259', 'CS01', 'Nghiên cứu', 'KH02');
INSERT INTO DNX.NHANVIEN(MA_NV, HOTEN, PHAI, NGAYSINH, CMND, QUEQUAN, SDT, CSYT, VAITRO, CHUYENKHOA) VALUES
('NV0003', 'Mack Aguirre', 'Nam', '09/12/1979 10:11:06', '6463446828', 'Dietrich', '0935973247', 'CS02', 'Y sĩ/Bác sĩ', 'KH03');
INSERT INTO DNX.NHANVIEN(MA_NV, HOTEN, PHAI, NGAYSINH, CMND, QUEQUAN, SDT, CSYT, VAITRO, CHUYENKHOA) VALUES
('NV0004', 'Amelia Phipps', 'Nam', '08/16/1983 11:55:36', '9203430051', 'Hope Valley', '0980678233', 'CS00', 'Nghiên cứu', 'KH04');
INSERT INTO DNX.NHANVIEN(MA_NV, HOTEN, PHAI, NGAYSINH, CMND, QUEQUAN, SDT, CSYT, VAITRO, CHUYENKHOA) VALUES
('NV0005', 'Savanna Knott', 'Nữ', '09/04/1974 03:36:31', '6050191432', 'Colonial Heights', '0900312430', 'CS00', 'Y sĩ/Bác sĩ', 'KH00');
INSERT INTO DNX.NHANVIEN(MA_NV, HOTEN, PHAI, NGAYSINH, CMND, QUEQUAN, SDT, CSYT, VAITRO, CHUYENKHOA) VALUES
('NV0006', 'Abigail Askew', 'Nam', '01/01/1970 00:15:50', '8595085960', 'Geddes', '0976615585', 'CS00', 'Nghiên cứu', 'KH01');
INSERT INTO DNX.NHANVIEN(MA_NV, HOTEN, PHAI, NGAYSINH, CMND, QUEQUAN, SDT, CSYT, VAITRO, CHUYENKHOA) VALUES
('NV0007', 'Ariane Grigsby', 'Nữ', '01/01/1970 02:16:40', '3255839500', 'Blooming Glen', '0996725314', 'CS02', 'Nghiên cứu', 'KH02');
INSERT INTO DNX.NHANVIEN(MA_NV, HOTEN, PHAI, NGAYSINH, CMND, QUEQUAN, SDT, CSYT, VAITRO, CHUYENKHOA) VALUES
('NV0008', 'Rosario Summers', 'Nam', '01/20/2014 18:16:16', '0652283931', 'Logansport', '0900318771', 'CS01', 'Nghiên cứu', 'KH03');
INSERT INTO DNX.NHANVIEN(MA_NV, HOTEN, PHAI, NGAYSINH, CMND, QUEQUAN, SDT, CSYT, VAITRO, CHUYENKHOA) VALUES
('NV0009', 'Myrl Abraham', 'Nữ', '08/28/1995 03:08:52', '4196348217', 'Colony', '0929974642', 'CS00', 'Y sĩ/Bác sĩ', 'KH04');
INSERT INTO DNX.NHANVIEN(MA_NV, HOTEN, PHAI, NGAYSINH, CMND, QUEQUAN, SDT, CSYT, VAITRO, CHUYENKHOA) VALUES
('NV0010', 'Seth Weatherford', 'Nam', '01/01/1970 00:00:06', '4555017490', 'Hopedale', '0908406738', 'CS00', 'Nghiên cứu', 'KH00');
INSERT INTO DNX.NHANVIEN(MA_NV, HOTEN, PHAI, NGAYSINH, CMND, QUEQUAN, SDT, CSYT, VAITRO, CHUYENKHOA) VALUES
('NV0011', 'Johanne Ammons', 'Nữ', '05/20/1979 16:39:53', '0218773786', 'Swiftwater', '0909088903', 'CS00', 'Nghiên cứu', 'KH01');
INSERT INTO DNX.NHANVIEN(MA_NV, HOTEN, PHAI, NGAYSINH, CMND, QUEQUAN, SDT, CSYT, VAITRO, CHUYENKHOA) VALUES
('NV0012', 'Abe Derr', 'Nữ', '01/01/1970 00:46:41', '3609819486', 'Blooming Prairie', '0923598857', 'CS00', 'Nghiên cứu', 'KH02');
INSERT INTO DNX.NHANVIEN(MA_NV, HOTEN, PHAI, NGAYSINH, CMND, QUEQUAN, SDT, CSYT, VAITRO, CHUYENKHOA) VALUES
('NV0013', 'Isabella Taggart', 'Nam', '05/29/1979 13:11:43', '2617244434', 'Willow Street', '0950311085', 'CS01', 'Nghiên cứu', 'KH03');
INSERT INTO DNX.NHANVIEN(MA_NV, HOTEN, PHAI, NGAYSINH, CMND, QUEQUAN, SDT, CSYT, VAITRO, CHUYENKHOA) VALUES
('NV0014', 'Cortney Tiller', 'Nữ', '01/01/1970 00:01:05', '1242833304', 'Onalaska', '0989127664', 'CS03', 'Nghiên cứu', 'KH04');
INSERT INTO DNX.NHANVIEN(MA_NV, HOTEN, PHAI, NGAYSINH, CMND, QUEQUAN, SDT, CSYT, VAITRO, CHUYENKHOA) VALUES
('NV0015', 'Garth Whitt', 'Nam', '03/25/2016 04:10:41', '3480121804', 'Swisher', '0942297180', 'CS01', 'Y sĩ/Bác sĩ', 'KH00');
INSERT INTO DNX.NHANVIEN(MA_NV, HOTEN, PHAI, NGAYSINH, CMND, QUEQUAN, SDT, CSYT, VAITRO, CHUYENKHOA) VALUES
('NV0016', 'Jeffery Adler', 'Nam', '01/01/1970 00:01:17', '3708625129', 'Colora', '0904156748', 'CS00', 'Y sĩ/Bác sĩ', 'KH01');
INSERT INTO DNX.NHANVIEN(MA_NV, HOTEN, PHAI, NGAYSINH, CMND, QUEQUAN, SDT, CSYT, VAITRO, CHUYENKHOA) VALUES
('NV0017', 'Lamont Kraft', 'Nam', '05/17/2001 23:18:49', '2906981240', 'Loganville', '0980602995', 'CS04', 'Y sĩ/Bác sĩ', 'KH02');
INSERT INTO DNX.NHANVIEN(MA_NV, HOTEN, PHAI, NGAYSINH, CMND, QUEQUAN, SDT, CSYT, VAITRO, CHUYENKHOA) VALUES
('NV0018', 'Gussie Redden', 'Nam', '03/29/2010 00:39:21', '1146123691', 'River Edge', '0948726212', 'CS04', 'Y sĩ/Bác sĩ', 'KH03');
INSERT INTO DNX.NHANVIEN(MA_NV, HOTEN, PHAI, NGAYSINH, CMND, QUEQUAN, SDT, CSYT, VAITRO, CHUYENKHOA) VALUES
('NV0019', 'Delena Archie', 'Nữ', '08/12/1980 05:09:33', '3509343220', 'Onamia', '0911543451', 'CS03', 'Y sĩ/Bác sĩ', 'KH04');
INSERT INTO DNX.NHANVIEN(MA_NV, HOTEN, PHAI, NGAYSINH, CMND, QUEQUAN, SDT, CSYT, VAITRO, CHUYENKHOA) VALUES
('NV0020', 'Erasmo Stiles', 'Nữ', '07/21/1980 08:30:51', '7641393951', 'Dighton', '0900344874', 'CS02', 'Nghiên cứu', 'KH00');
INSERT INTO DNX.NHANVIEN(MA_NV, HOTEN, PHAI, NGAYSINH, CMND, QUEQUAN, SDT, CSYT, VAITRO, CHUYENKHOA) VALUES
('NV0021', 'Cortez Bigelow', 'Nam', '02/16/2016 02:14:06', '1124653444', 'River Falls', '0900349942', 'CS04', 'Nghiên cứu', 'KH01');
INSERT INTO DNX.NHANVIEN(MA_NV, HOTEN, PHAI, NGAYSINH, CMND, QUEQUAN, SDT, CSYT, VAITRO, CHUYENKHOA) VALUES
('NV0022', 'Rickie Mcnamara', 'Nữ', '01/04/1999 00:56:59', '3483318307', 'Willow Wood', '0963970326', 'CS04', 'Nghiên cứu', 'KH02');
INSERT INTO DNX.NHANVIEN(MA_NV, HOTEN, PHAI, NGAYSINH, CMND, QUEQUAN, SDT, CSYT, VAITRO, CHUYENKHOA) VALUES
('NV0023', 'Kristopher Delagarza', 'Nam', '01/01/1970 01:28:59', '9695193994', 'Hopewell', '0925413714', 'CS01', 'Nghiên cứu', 'KH03');
INSERT INTO DNX.NHANVIEN(MA_NV, HOTEN, PHAI, NGAYSINH, CMND, QUEQUAN, SDT, CSYT, VAITRO, CHUYENKHOA) VALUES
('NV0024', 'Anastacia Derrick', 'Nam', '10/16/1983 21:24:05', '8111397711', 'Geismar', '0953991543', 'CS02', 'Nghiên cứu', 'KH04');
INSERT INTO DNX.NHANVIEN(MA_NV, HOTEN, PHAI, NGAYSINH, CMND, QUEQUAN, SDT, CSYT, VAITRO, CHUYENKHOA) VALUES
('NV0025', 'Shayne Free', 'Nam', '06/24/2016 22:08:05', '9678139349', 'Bloomingdale', '0907337243', 'CS03', 'Nghiên cứu', 'KH00');
INSERT INTO DNX.NHANVIEN(MA_NV, HOTEN, PHAI, NGAYSINH, CMND, QUEQUAN, SDT, CSYT, VAITRO, CHUYENKHOA) VALUES
('NV0026', 'Leland Aguilera', 'Nữ', '11/18/1979 01:39:24', '8298347895', 'Lolo', '0991469754', 'CS01', 'Nghiên cứu', 'KH01');
INSERT INTO DNX.NHANVIEN(MA_NV, HOTEN, PHAI, NGAYSINH, CMND, QUEQUAN, SDT, CSYT, VAITRO, CHUYENKHOA) VALUES
('NV0027', 'Fausto Anders', 'Nam', '10/04/2013 00:58:50', '2426122870', 'Dike', '0992521526', 'CS02', 'Nghiên cứu', 'KH02');
INSERT INTO DNX.NHANVIEN(MA_NV, HOTEN, PHAI, NGAYSINH, CMND, QUEQUAN, SDT, CSYT, VAITRO, CHUYENKHOA) VALUES
('NV0028', 'Angel Bauman', 'Nam', '08/07/1979 15:19:35', '9192264877', 'Onawa', '0931298510', 'CS03', 'Nghiên cứu', 'KH03');
INSERT INTO DNX.NHANVIEN(MA_NV, HOTEN, PHAI, NGAYSINH, CMND, QUEQUAN, SDT, CSYT, VAITRO, CHUYENKHOA) VALUES
('NV0029', 'Georgetta Early', 'Nữ', '01/03/1973 08:43:26', '1281042111', 'Switz City', '0928416868', 'CS04', 'Nghiên cứu', 'KH04');
INSERT INTO DNX.NHANVIEN(MA_NV, HOTEN, PHAI, NGAYSINH, CMND, QUEQUAN, SDT, CSYT, VAITRO, CHUYENKHOA) VALUES
('NV0030', 'Raymonde Andrade', 'Nam', '01/01/2011 03:13:44', '3106835090', 'Willows', '0972400650', 'CS00', 'Nghiên cứu', 'KH00');
INSERT INTO DNX.NHANVIEN(MA_NV, HOTEN, PHAI, NGAYSINH, CMND, QUEQUAN, SDT, CSYT, VAITRO, CHUYENKHOA) VALUES
('NV0031', 'Alexis Andrews', 'Nam', '11/25/1994 17:33:39', '9643057839', 'River Forest', '0956012763', 'CS00', 'Nghiên cứu', 'KH01');
INSERT INTO DNX.NHANVIEN(MA_NV, HOTEN, PHAI, NGAYSINH, CMND, QUEQUAN, SDT, CSYT, VAITRO, CHUYENKHOA) VALUES
('NV0032', 'Carmella Pool', 'Nữ', '02/19/1987 07:14:23', '6106462227', 'Sycamore', '0991378944', 'CS00', 'Y sĩ/Bác sĩ', 'KH02');
INSERT INTO DNX.NHANVIEN(MA_NV, HOTEN, PHAI, NGAYSINH, CMND, QUEQUAN, SDT, CSYT, VAITRO, CHUYENKHOA) VALUES
('NV0033', 'Abbie Almanza', 'Nam', '01/01/1970 00:05:20', '0500260456', 'Colorado City', '0953123074', 'CS00', 'Nghiên cứu', 'KH03');
INSERT INTO DNX.NHANVIEN(MA_NV, HOTEN, PHAI, NGAYSINH, CMND, QUEQUAN, SDT, CSYT, VAITRO, CHUYENKHOA) VALUES
('NV0034', 'Addie Stapleton', 'Nữ', '07/13/2002 00:16:05', '4301808619', 'Genesee', '0971155386', 'CS00', 'Nghiên cứu', 'KH04');
INSERT INTO DNX.NHANVIEN(MA_NV, HOTEN, PHAI, NGAYSINH, CMND, QUEQUAN, SDT, CSYT, VAITRO, CHUYENKHOA) VALUES
('NV0035', 'Abdul Livingston', 'Nam', '07/10/1988 00:59:15', '6031748696', 'Bloomington', '0981651959', 'CS00', 'Nghiên cứu', 'KH00');
INSERT INTO DNX.NHANVIEN(MA_NV, HOTEN, PHAI, NGAYSINH, CMND, QUEQUAN, SDT, CSYT, VAITRO, CHUYENKHOA) VALUES
('NV0036', 'Dean August', 'Nữ', '02/14/1996 08:20:11', '0891825007', 'Wills Point', '0943821201', 'CS00', 'Nghiên cứu', 'KH01');
INSERT INTO DNX.NHANVIEN(MA_NV, HOTEN, PHAI, NGAYSINH, CMND, QUEQUAN, SDT, CSYT, VAITRO, CHUYENKHOA) VALUES
('NV0037', 'Arianne Abrams', 'Nam', '01/09/2018 22:15:19', '3679373436', 'Onaway', '0980266330', 'CS00', 'Nghiên cứu', 'KH02');
INSERT INTO DNX.NHANVIEN(MA_NV, HOTEN, PHAI, NGAYSINH, CMND, QUEQUAN, SDT, CSYT, VAITRO, CHUYENKHOA) VALUES
('NV0038', 'Hiram Behrens', 'Nam', '05/26/2019 09:00:36', '6856623938', 'Colorado Springs', '0964525813', 'CS00', 'Nghiên cứu', 'KH03');
INSERT INTO DNX.NHANVIEN(MA_NV, HOTEN, PHAI, NGAYSINH, CMND, QUEQUAN, SDT, CSYT, VAITRO, CHUYENKHOA) VALUES
('NV0039', 'Lavina Cintron', 'Nữ', '04/18/2007 07:45:16', '2928196115', 'River Grove', '0931184086', 'CS00', 'Nghiên cứu', 'KH04');
INSERT INTO DNX.NHANVIEN(MA_NV, HOTEN, PHAI, NGAYSINH, CMND, QUEQUAN, SDT, CSYT, VAITRO, CHUYENKHOA) VALUES
('NV0040', 'Julian Perdue', 'Nam', '07/05/2008 02:57:41', '5841254502', 'Oneida', '0918916821', 'CS00', 'Y sĩ/Bác sĩ', 'KH00');
INSERT INTO DNX.NHANVIEN(MA_NV, HOTEN, PHAI, NGAYSINH, CMND, QUEQUAN, SDT, CSYT, VAITRO, CHUYENKHOA) VALUES
('NV0041', 'Aleisha Acker', 'Nam', '01/01/1972 01:25:44', '3237956362', 'Hopkins', '0981557791', 'CS00', 'Nghiên cứu', 'KH01');
INSERT INTO DNX.NHANVIEN(MA_NV, HOTEN, PHAI, NGAYSINH, CMND, QUEQUAN, SDT, CSYT, VAITRO, CHUYENKHOA) VALUES
('NV0042', 'Michiko Nutt', 'Nam', '10/16/2017 17:53:01', '3831175264', 'Loma Linda', '0947352350', 'CS00', 'Nghiên cứu', 'KH02');
INSERT INTO DNX.NHANVIEN(MA_NV, HOTEN, PHAI, NGAYSINH, CMND, QUEQUAN, SDT, CSYT, VAITRO, CHUYENKHOA) VALUES
('NV0043', 'Adam Geer', 'Nữ', '01/01/1970 00:00:01', '1501754980', 'Bloomsburg', '0968881153', 'CS00', 'Nghiên cứu', 'KH03');
INSERT INTO DNX.NHANVIEN(MA_NV, HOTEN, PHAI, NGAYSINH, CMND, QUEQUAN, SDT, CSYT, VAITRO, CHUYENKHOA) VALUES
('NV0044', 'Gayle Shank', 'Nam', '03/19/2005 18:07:03', '0897870483', 'Sykeston', '0900643883', 'CS00', 'Nghiên cứu', 'KH04');
INSERT INTO DNX.NHANVIEN(MA_NV, HOTEN, PHAI, NGAYSINH, CMND, QUEQUAN, SDT, CSYT, VAITRO, CHUYENKHOA) VALUES
('NV0045', 'Lisa Negron', 'Nam', '01/01/1970 00:01:16', '6716177084', 'Colquitt', '0905864194', 'CS04', 'Cơ sở y tế', null);
INSERT INTO DNX.NHANVIEN(MA_NV, HOTEN, PHAI, NGAYSINH, CMND, QUEQUAN, SDT, CSYT, VAITRO, CHUYENKHOA) VALUES
('NV0046', 'Erasmo Greathouse', 'Nam', '07/12/1984 23:57:17', '0493061115', 'Dillard', '0956978369', 'CS03', 'Cơ sở y tế', null);
INSERT INTO DNX.NHANVIEN(MA_NV, HOTEN, PHAI, NGAYSINH, CMND, QUEQUAN, SDT, CSYT, VAITRO, CHUYENKHOA) VALUES
('NV0047', 'Claudio Pleasant', 'Nữ', '01/01/1970 00:11:42', '4969444923', 'Geneseo', '0908038916', 'CS02', 'Cơ sở y tế', null);
INSERT INTO DNX.NHANVIEN(MA_NV, HOTEN, PHAI, NGAYSINH, CMND, QUEQUAN, SDT, CSYT, VAITRO, CHUYENKHOA) VALUES
('NV0048', 'Napoleon Erwin', 'Nữ', '08/19/2005 06:14:17', '6443021054', 'Willsboro', '0914546576', 'CS01', 'Cơ sở y tế', null);
INSERT INTO DNX.NHANVIEN(MA_NV, HOTEN, PHAI, NGAYSINH, CMND, QUEQUAN, SDT, CSYT, VAITRO, CHUYENKHOA) VALUES
('NV0049', 'Sandi Bergeron', 'Nam', '01/01/1970 00:24:18', '3191255371', 'Sykesville', '0919028485', 'CS00', 'Cơ sở y tế', null);
INSERT INTO DNX.NHANVIEN(MA_NV, HOTEN, PHAI, NGAYSINH, CMND, QUEQUAN, SDT, CSYT, VAITRO, CHUYENKHOA) VALUES
('NV0050', 'Hiram Behrens', 'Nam', '01/01/1970 00:24:18', '3191255372', 'Sykeston', '0919028486', null, 'Thanh tra', null);
INSERT INTO DNX.NHANVIEN(MA_NV, HOTEN, PHAI, NGAYSINH, CMND, QUEQUAN, SDT, CSYT, VAITRO, CHUYENKHOA) VALUES
('NV0051', 'Angel Bauman', 'Nữ', '01/01/1970 00:24:18', '3191255373', 'Hopkins', '0919028487', null, 'Thanh tra', null);
INSERT INTO DNX.NHANVIEN(MA_NV, HOTEN, PHAI, NGAYSINH, CMND, QUEQUAN, SDT, CSYT, VAITRO, CHUYENKHOA) VALUES
('NV0052', 'Fausto Anders', 'Nam', '01/01/1970 00:24:18', '3191255374', 'Onaway', '0919028488', null, 'Thanh tra', null);
INSERT INTO DNX.NHANVIEN(MA_NV, HOTEN, PHAI, NGAYSINH, CMND, QUEQUAN, SDT, CSYT, VAITRO, CHUYENKHOA) VALUES
('NV0053', 'Arianne Abrams', 'Nam', '01/01/1970 00:24:18', '3191255375', 'Sykesville', '0919028489', null, 'Thanh tra', null);
INSERT INTO DNX.NHANVIEN(MA_NV, HOTEN, PHAI, NGAYSINH, CMND, QUEQUAN, SDT, CSYT, VAITRO, CHUYENKHOA) VALUES
('NV0054', 'Jeffery Adler', 'Nam', '01/01/1970 00:24:18', '3191255376', 'Colquitt', '0919028480', null, 'Thanh tra', null);


--
-- Inserting data into table DNX.HSBA
--
INSERT INTO DNX.HSBA(MA_HSBA, MA_BN, NGAY, CHUANDOAN, MA_BS, MA_KHOA, MA_CSYT, KETLUAN) VALUES
('HS00000', 'BN00000', '11/02/1988 00:29:04', 'AYIBV2H4MP944QW8', 'NV0000', 'KH00', 'CS00', 'O7526Q905FH268DJG1B740TG4D324928X8KC0SHLB5');
INSERT INTO DNX.HSBA(MA_HSBA, MA_BN, NGAY, CHUANDOAN, MA_BS, MA_KHOA, MA_CSYT, KETLUAN) VALUES
('HS00001', 'BN00001', '02/16/1988 21:26:30', 'O5A60368H9DWV104LVS7R91', 'NV0001', 'KH01', 'CS01', '3044U350Z31736SBE0870L398Q58T0FAP6YVDF703K');
INSERT INTO DNX.HSBA(MA_HSBA, MA_BN, NGAY, CHUANDOAN, MA_BS, MA_KHOA, MA_CSYT, KETLUAN) VALUES
('HS00002', 'BN00002', '01/01/2012 18:20:47', 'WFRM046UMM93RS9F7ROXH0G7I3U17414603EVK195RDOIQUFP1IMIHA19KK6UKU1681JH6U', 'NV0002', 'KH02', 'CS02', 'P761Z782G2B86MBNL2F01T3ECZ8QH');
INSERT INTO DNX.HSBA(MA_HSBA, MA_BN, NGAY, CHUANDOAN, MA_BS, MA_KHOA, MA_CSYT, KETLUAN) VALUES
('HS00003', 'BN00003', '01/01/1970 00:01:27', 'P88BLPKZ6W338F3P7FV7QUMB68BD2VWJNYCKA3TFG6A52ECSL45G028TC28', 'NV0003', 'KH03', 'CS03', 'IA94F98Y');
INSERT INTO DNX.HSBA(MA_HSBA, MA_BN, NGAY, CHUANDOAN, MA_BS, MA_KHOA, MA_CSYT, KETLUAN) VALUES
('HS00004', 'BN00004', '01/01/1970 00:00:05', 'ZM6PNH1S624V2A9GB3386JS79QO', 'NV0004', 'KH04', 'CS04', '6JT0V7IYLQ7SO7926N0CWC06387PJOIHEM8WN6778MOYQ79');
INSERT INTO DNX.HSBA(MA_HSBA, MA_BN, NGAY, CHUANDOAN, MA_BS, MA_KHOA, MA_CSYT, KETLUAN) VALUES
('HS00005', 'BN00005', '04/13/2007 04:31:36', '9', 'NV0005', 'KH00', 'CS05', 'U4B');
INSERT INTO DNX.HSBA(MA_HSBA, MA_BN, NGAY, CHUANDOAN, MA_BS, MA_KHOA, MA_CSYT, KETLUAN) VALUES
('HS00006', 'BN00006', '02/04/1976 16:44:00', '945H4842N', 'NV0006', 'KH01', 'CS06', '6G2U');
INSERT INTO DNX.HSBA(MA_HSBA, MA_BN, NGAY, CHUANDOAN, MA_BS, MA_KHOA, MA_CSYT, KETLUAN) VALUES
('HS00007', 'BN00007', '01/01/1970 00:00:25', '6PU', 'NV0007', 'KH02', 'CS07', 'BU0IR4740P79SFMO8ZBRLNVBK3EWV753PAUP');
INSERT INTO DNX.HSBA(MA_HSBA, MA_BN, NGAY, CHUANDOAN, MA_BS, MA_KHOA, MA_CSYT, KETLUAN) VALUES
('HS00008', 'BN00008', '07/16/2020 00:59:04', '2E', 'NV0008', 'KH03', 'CS08', '008DT5478I98NUUX5TQWZWB18');
INSERT INTO DNX.HSBA(MA_HSBA, MA_BN, NGAY, CHUANDOAN, MA_BS, MA_KHOA, MA_CSYT, KETLUAN) VALUES
('HS00009', 'BN00009', '01/01/1970 00:00:01', 'IPHXH115', 'NV0009', 'KH04', 'CS09', '7A4I6GAGYAJ4MJU70D509IDY3');
INSERT INTO DNX.HSBA(MA_HSBA, MA_BN, NGAY, CHUANDOAN, MA_BS, MA_KHOA, MA_CSYT, KETLUAN) VALUES
('HS00010', 'BN00010', '12/20/2006 11:56:31', 'S8X7KALN96YX100J', 'NV0010', 'KH00', 'CS10', '0C1I');
INSERT INTO DNX.HSBA(MA_HSBA, MA_BN, NGAY, CHUANDOAN, MA_BS, MA_KHOA, MA_CSYT, KETLUAN) VALUES
('HS00011', 'BN00011', '07/07/1992 23:07:20', 'Q962O7629427B', 'NV0011', 'KH01', 'CS11', '9N6XHUWRH7O89Y98');
INSERT INTO DNX.HSBA(MA_HSBA, MA_BN, NGAY, CHUANDOAN, MA_BS, MA_KHOA, MA_CSYT, KETLUAN) VALUES
('HS00012', 'BN00012', '11/21/1985 10:46:44', 'S4905P', 'NV0012', 'KH02', 'CS12', '92VAG');
INSERT INTO DNX.HSBA(MA_HSBA, MA_BN, NGAY, CHUANDOAN, MA_BS, MA_KHOA, MA_CSYT, KETLUAN) VALUES
('HS00013', 'BN00013', '11/04/2010 23:26:11', 'R1FM6KMQK63997XV', 'NV0013', 'KH03', 'CS13', '71TCWC23N8');
INSERT INTO DNX.HSBA(MA_HSBA, MA_BN, NGAY, CHUANDOAN, MA_BS, MA_KHOA, MA_CSYT, KETLUAN) VALUES
('HS00014', 'BN00014', '05/22/1973 18:17:15', 'USFE', 'NV0014', 'KH04', 'CS14', 'D73G839H8X07WJ379VM');
INSERT INTO DNX.HSBA(MA_HSBA, MA_BN, NGAY, CHUANDOAN, MA_BS, MA_KHOA, MA_CSYT, KETLUAN) VALUES
('HS00015', 'BN00015', '04/20/2016 22:04:27', 'PACT8503BIK7A7G75Q5', 'NV0015', 'KH00', 'CS15', 'C63BC0KHQJS01Y689W0I8OHFVZVC9DWSLW6H84IE5SSCV0FCC7VR488');
INSERT INTO DNX.HSBA(MA_HSBA, MA_BN, NGAY, CHUANDOAN, MA_BS, MA_KHOA, MA_CSYT, KETLUAN) VALUES
('HS00016', 'BN00016', '01/10/1978 12:02:36', 'U82HZ9C5ID0W1HS70C1', 'NV0016', 'KH01', 'CS16', 'C8WI8398EI86842I8V1J059MH0B');
INSERT INTO DNX.HSBA(MA_HSBA, MA_BN, NGAY, CHUANDOAN, MA_BS, MA_KHOA, MA_CSYT, KETLUAN) VALUES
('HS00017', 'BN00017', '01/31/1974 03:22:39', 'T3184IGUY6A5K079O73157IJ7YNA0M6HFG25M3QG30N11', 'NV0017', 'KH02', 'CS17', '10HL90JN');
INSERT INTO DNX.HSBA(MA_HSBA, MA_BN, NGAY, CHUANDOAN, MA_BS, MA_KHOA, MA_CSYT, KETLUAN) VALUES
('HS00018', 'BN00018', '03/29/2007 03:42:14', 'I7075AUM', 'NV0018', 'KH03', 'CS18', '099DK42FQB19');
INSERT INTO DNX.HSBA(MA_HSBA, MA_BN, NGAY, CHUANDOAN, MA_BS, MA_KHOA, MA_CSYT, KETLUAN) VALUES
('HS00019', 'BN00019', '07/29/1995 11:54:05', '6K5BOA5BAY9R704L', 'NV0019', 'KH04', 'CS19', '3Q4942K95APCH');
INSERT INTO DNX.HSBA(MA_HSBA, MA_BN, NGAY, CHUANDOAN, MA_BS, MA_KHOA, MA_CSYT, KETLUAN) VALUES
('HS00020', 'BN00020', '03/26/1977 13:51:14', 'U12SXJQ6J3303AV6G874UTC4', 'NV0020', 'KH00', 'CS20', '2XF29K85PX2N5O4AJQ3IPE027X7216B48PHL846');
INSERT INTO DNX.HSBA(MA_HSBA, MA_BN, NGAY, CHUANDOAN, MA_BS, MA_KHOA, MA_CSYT, KETLUAN) VALUES
('HS00021', 'BN00021', '04/27/1995 15:37:32', '4U6O99V52ULS55481EX0405P84D8188JOGQ7', 'NV0021', 'KH01', 'CS21', 'R0M10SIP38HA63ZKMU0WNM68H2D7XV3CO4QU83O');
INSERT INTO DNX.HSBA(MA_HSBA, MA_BN, NGAY, CHUANDOAN, MA_BS, MA_KHOA, MA_CSYT, KETLUAN) VALUES
('HS00022', 'BN00022', '01/01/1970 00:54:20', 'HRL022Z8DMY90159H7QAHNG966YXAA0NNZ8350HQFD7O28GZC6DCOC987CS9PQ4INLIJOI9L0FCF94F2L1X6837849BR8B3OOHXXYW3L324LHEHB7E03AF57907S1X', 'NV0022', 'KH02', 'CS22', 'J4JHZL97ZXS0JIAUPS0L0QHP9IU92235LV40E225WF69F455GM8B2G8P259C2S8');
INSERT INTO DNX.HSBA(MA_HSBA, MA_BN, NGAY, CHUANDOAN, MA_BS, MA_KHOA, MA_CSYT, KETLUAN) VALUES
('HS00023', 'BN00023', '09/21/2004 01:42:20', '89D48THJ9983R0O0GPWXX58840ZXZFV1', 'NV0023', 'KH03', 'CS23', '48GY2Y4IS6FY7EAV97V0C33W0083');
INSERT INTO DNX.HSBA(MA_HSBA, MA_BN, NGAY, CHUANDOAN, MA_BS, MA_KHOA, MA_CSYT, KETLUAN) VALUES
('HS00024', 'BN00024', '07/03/2020 03:22:39', 'Z3023J650Q40K3H2VL2B28M00L7B3284MP2UW7', 'NV0024', 'KH04', 'CS24', 'Y3QWS3Y1QNACHE8Q7JZZE990GM75UG8YQ3UC370R91G4C43D3UN2519GH3W2N93XC5899MZQ940PT6X006ATP10T742W6WG39K31A3DC8BYCL656P9J8Z901HB562261184');
INSERT INTO DNX.HSBA(MA_HSBA, MA_BN, NGAY, CHUANDOAN, MA_BS, MA_KHOA, MA_CSYT, KETLUAN) VALUES
('HS00025', 'BN00025', '05/17/2002 17:37:48', 'E016', 'NV0025', 'KH00', 'CS25', 'O7UZA08EOP03E2GDHS7015SU0E04DWA');
INSERT INTO DNX.HSBA(MA_HSBA, MA_BN, NGAY, CHUANDOAN, MA_BS, MA_KHOA, MA_CSYT, KETLUAN) VALUES
('HS00026', 'BN00026', '09/07/1997 15:18:51', '84MQTS', 'NV0026', 'KH01', 'CS26', 'N4TJ3MO7E9Z09N7318C61BH0CKKNHVN62D1BYNS28R0UQ5P9Y05BBZDF8H7');
INSERT INTO DNX.HSBA(MA_HSBA, MA_BN, NGAY, CHUANDOAN, MA_BS, MA_KHOA, MA_CSYT, KETLUAN) VALUES
('HS00027', 'BN00027', '01/01/1970 00:09:39', 'BJ38', 'NV0027', 'KH02', 'CS27', '4');
INSERT INTO DNX.HSBA(MA_HSBA, MA_BN, NGAY, CHUANDOAN, MA_BS, MA_KHOA, MA_CSYT, KETLUAN) VALUES
('HS00028', 'BN00028', '09/03/1992 15:06:20', '82SP37I21DFS3AS74V36ZVF343M38CF46317YH5J96YZ375Q39D3B', 'NV0028', 'KH03', 'CS28', 'PXH3828PELHJE');
INSERT INTO DNX.HSBA(MA_HSBA, MA_BN, NGAY, CHUANDOAN, MA_BS, MA_KHOA, MA_CSYT, KETLUAN) VALUES
('HS00029', 'BN00029', '11/03/1987 12:07:20', '6S98EOSUZN3CTZ7017Q0P56FQ6X4D566A9', 'NV0029', 'KH04', 'CS29', '81750157OEKB4262XPVSJON8373LO49ZTA53BR');
INSERT INTO DNX.HSBA(MA_HSBA, MA_BN, NGAY, CHUANDOAN, MA_BS, MA_KHOA, MA_CSYT, KETLUAN) VALUES
('HS00030', 'BN00030', '01/01/1970 00:00:05', 'FJ43S90EH385ABGYTVN4365967', 'NV0030', 'KH00', 'CS30', '764Z8J78L4SNY6');
INSERT INTO DNX.HSBA(MA_HSBA, MA_BN, NGAY, CHUANDOAN, MA_BS, MA_KHOA, MA_CSYT, KETLUAN) VALUES
('HS00031', 'BN00031', '09/11/1991 14:36:08', 'B', 'NV0031', 'KH01', 'CS31', 'E929X821188ND20V1030EFZ823N1');
INSERT INTO DNX.HSBA(MA_HSBA, MA_BN, NGAY, CHUANDOAN, MA_BS, MA_KHOA, MA_CSYT, KETLUAN) VALUES
('HS00032', 'BN00032', '03/21/1974 22:15:46', '0AJYJ99AE', 'NV0032', 'KH02', 'CS32', '78SECMS3');
INSERT INTO DNX.HSBA(MA_HSBA, MA_BN, NGAY, CHUANDOAN, MA_BS, MA_KHOA, MA_CSYT, KETLUAN) VALUES
('HS00033', 'BN00033', '04/27/1993 21:15:07', '9EYLD631IH0X766T9O50K9LTC88YHBI524I15', 'NV0033', 'KH03', 'CS33', '452TJ16');
INSERT INTO DNX.HSBA(MA_HSBA, MA_BN, NGAY, CHUANDOAN, MA_BS, MA_KHOA, MA_CSYT, KETLUAN) VALUES
('HS00034', 'BN00034', '01/01/1970 00:01:27', '5147', 'NV0034', 'KH04', 'CS34', '63ANW7CO0NX79QX883SLBI139418CM73H');
INSERT INTO DNX.HSBA(MA_HSBA, MA_BN, NGAY, CHUANDOAN, MA_BS, MA_KHOA, MA_CSYT, KETLUAN) VALUES
('HS00035', 'BN00035', '09/25/2001 15:44:22', '23O6GL8LUD26J', 'NV0035', 'KH00', 'CS35', 'G8F959MC72KZ8');
INSERT INTO DNX.HSBA(MA_HSBA, MA_BN, NGAY, CHUANDOAN, MA_BS, MA_KHOA, MA_CSYT, KETLUAN) VALUES
('HS00036', 'BN00036', '05/18/1977 08:41:10', '3IG0361V21S6K597980Z511SJA21943KFL44E5X363Z7M040708E27XT', 'NV0036', 'KH01', 'CS36', '03B');
INSERT INTO DNX.HSBA(MA_HSBA, MA_BN, NGAY, CHUANDOAN, MA_BS, MA_KHOA, MA_CSYT, KETLUAN) VALUES
('HS00037', 'BN00037', '04/18/2008 19:54:45', 'ZA', 'NV0037', 'KH02', 'CS37', 'R34IW7673T4L16WDQF027VAZ86I7LEVV45DAT088YK5292RTSE4ANJ0DV46N271232L');
INSERT INTO DNX.HSBA(MA_HSBA, MA_BN, NGAY, CHUANDOAN, MA_BS, MA_KHOA, MA_CSYT, KETLUAN) VALUES
('HS00038', 'BN00038', '01/13/2000 03:42:04', 'UC9C18C15M25J1ETESUGDW8US', 'NV0038', 'KH03', 'CS38', '154U2JJ98');
INSERT INTO DNX.HSBA(MA_HSBA, MA_BN, NGAY, CHUANDOAN, MA_BS, MA_KHOA, MA_CSYT, KETLUAN) VALUES
('HS00039', 'BN00039', '01/01/1970 00:00:07', '0J1TVB1NY8D', 'NV0039', 'KH04', 'CS39', 'QF58TR2044S40R818787T0186HJIZ04867SF5Q6R8LS5FXHT00061L90HC34J9919O57UYW6W94ZV30E5CN70H7N918PFVL5DX7FIZF60NVOO93GF4HEBBMA4Q33YZ30567EZC04K0OX2QECF938K86HG588MPR18');
INSERT INTO DNX.HSBA(MA_HSBA, MA_BN, NGAY, CHUANDOAN, MA_BS, MA_KHOA, MA_CSYT, KETLUAN) VALUES
('HS00040', 'BN00040', '01/01/1970 00:00:04', '061187P53SFIE5KXQQWUIDK18P62GP74HC4', 'NV0040', 'KH00', 'CS40', '8T7VV');
INSERT INTO DNX.HSBA(MA_HSBA, MA_BN, NGAY, CHUANDOAN, MA_BS, MA_KHOA, MA_CSYT, KETLUAN) VALUES
('HS00041', 'BN00041', '03/29/1990 14:09:51', '4W4', 'NV0041', 'KH01', 'CS41', '48FU1M67J8E87Z61N2BZIEPR62RW3X3');
INSERT INTO DNX.HSBA(MA_HSBA, MA_BN, NGAY, CHUANDOAN, MA_BS, MA_KHOA, MA_CSYT, KETLUAN) VALUES
('HS00042', 'BN00042', '02/04/2011 03:39:46', '83L2206', 'NV0042', 'KH02', 'CS42', '6K4');
INSERT INTO DNX.HSBA(MA_HSBA, MA_BN, NGAY, CHUANDOAN, MA_BS, MA_KHOA, MA_CSYT, KETLUAN) VALUES
('HS00043', 'BN00043', '01/14/1982 04:31:29', 'S7U01DQT8SMCO8HJDQ0C9ID44RG34RKVN6IDGHGW82J2UG3AG3', 'NV0043', 'KH03', 'CS43', '3Q0WXQI7N72X34O6W6407M1JG6792F0AOH');
INSERT INTO DNX.HSBA(MA_HSBA, MA_BN, NGAY, CHUANDOAN, MA_BS, MA_KHOA, MA_CSYT, KETLUAN) VALUES
('HS00044', 'BN00044', '01/27/2017 13:37:35', 'HV0AV', 'NV0044', 'KH04', 'CS44', '18V380PDD852L92WX3GXZR65XS8C2D8Q41DD77A0Z9010QDCTP5MXEVF63BHM13T477EH1NQARF22N980L829OZF736P2XVAJ9CDY5HDXQ5FPX935MZRZ46BJB51E18YAI7K160UDL336HL5562058FEJ67O8R95GF7SUGL8BC5AC0O4Y834G2P56P45V77L');
INSERT INTO DNX.HSBA(MA_HSBA, MA_BN, NGAY, CHUANDOAN, MA_BS, MA_KHOA, MA_CSYT, KETLUAN) VALUES
('HS00045', 'BN00045', '01/25/2008 09:49:14', 'T34135E8', 'NV0045', 'KH00', 'CS45', '11I942DX5');
INSERT INTO DNX.HSBA(MA_HSBA, MA_BN, NGAY, CHUANDOAN, MA_BS, MA_KHOA, MA_CSYT, KETLUAN) VALUES
('HS00046', 'BN00046', '04/03/1990 02:36:55', 'IH6E45L884B095G257JYZ6IPR1', 'NV0046', 'KH01', 'CS46', '7ZN52HN9D62157T11W9UYPP26R9311');
INSERT INTO DNX.HSBA(MA_HSBA, MA_BN, NGAY, CHUANDOAN, MA_BS, MA_KHOA, MA_CSYT, KETLUAN) VALUES
('HS00047', 'BN00047', '07/15/1972 05:39:40', '1762KILEX5HDY0U5FMT3DYVEP', 'NV0047', 'KH02', 'CS47', '7288BV2M9L3073');
INSERT INTO DNX.HSBA(MA_HSBA, MA_BN, NGAY, CHUANDOAN, MA_BS, MA_KHOA, MA_CSYT, KETLUAN) VALUES
('HS00048', 'BN00048', '09/05/1991 10:58:01', '45E75V2R987DY1', 'NV0048', 'KH03', 'CS48', '1R7M187NJLD8R8119O');
INSERT INTO DNX.HSBA(MA_HSBA, MA_BN, NGAY, CHUANDOAN, MA_BS, MA_KHOA, MA_CSYT, KETLUAN) VALUES
('HS00049', 'BN00049', '02/27/2006 21:04:00', 'GK4X1', 'NV0049', 'KH04', 'CS49', 'N0PEGH0CB4NF9B');

--
-- Inserting data into table DNX.HSBA_DV
--
INSERT INTO DNX.HSBA_DV(MA_HSBA, MA_DV, NGAY, MA_KTV, KETQUA) VALUES
('HS00010', 'DV01', '12/05/1980 10:50:37', 'NV0000', 'Y878YHLSMSDL8YW13E1J6');
INSERT INTO DNX.HSBA_DV(MA_HSBA, MA_DV, NGAY, MA_KTV, KETQUA) VALUES
('HS00004', 'DV03', '07/05/1993 05:22:19', 'NV0001', '26W7V52F8KP78Y46N76I3O9Z4MYZBGIAHT07IUG551Y4MSD9Y6IOG823NPM2SCA');
INSERT INTO DNX.HSBA_DV(MA_HSBA, MA_DV, NGAY, MA_KTV, KETQUA) VALUES
('HS00005', 'DV02', '09/26/1998 22:10:19', 'NV0002', '70E1K87');
INSERT INTO DNX.HSBA_DV(MA_HSBA, MA_DV, NGAY, MA_KTV, KETQUA) VALUES
('HS00003', 'DV03', '07/05/1993 05:22:19', 'NV0003', '4S9V0ZEJ0148X82S78192605MG8MARROCRJ0P84Z67711P50M');
INSERT INTO DNX.HSBA_DV(MA_HSBA, MA_DV, NGAY, MA_KTV, KETQUA) VALUES
('HS00007', 'DV02', '09/26/1998 22:10:19', 'NV0004', 'A0UG6G0OQ37XU74A2XXBIO7D2AGQ377TP3225NXBX095C2BH9966S60LX43R27E9QI6729037W0155');
INSERT INTO DNX.HSBA_DV(MA_HSBA, MA_DV, NGAY, MA_KTV, KETQUA) VALUES
('HS00013', 'DV04', '09/26/1998 22:10:20', 'NV0005', '73');
INSERT INTO DNX.HSBA_DV(MA_HSBA, MA_DV, NGAY, MA_KTV, KETQUA) VALUES
('HS00012', 'DV04', '09/26/1998 22:10:20', 'NV0006', 'T61N90W0H67P3L3MYQC');
INSERT INTO DNX.HSBA_DV(MA_HSBA, MA_DV, NGAY, MA_KTV, KETQUA) VALUES
('HS00011', 'DV02', '09/26/1998 22:10:19', 'NV0007', 'OC1YVTFCI21269V2S0ZP278D76361VSYL5A342B80SKGXYE439MDG25HR2EBC28Y4227Z2FZF02PD56388KFP2EVG6NL3T904MRD5IXF9IV06NFPY5Q53YXNR');
INSERT INTO DNX.HSBA_DV(MA_HSBA, MA_DV, NGAY, MA_KTV, KETQUA) VALUES
('HS00009', 'DV00', '02/27/1986 03:38:37', 'NV0008', 'EN2371YD56T6P6N47ONVNWLM52JZ3UXB1853DY8VO51G7');
INSERT INTO DNX.HSBA_DV(MA_HSBA, MA_DV, NGAY, MA_KTV, KETQUA) VALUES
('HS00006', 'DV02', '09/26/1998 22:10:19', 'NV0009', '5Y689DOL76YM');
INSERT INTO DNX.HSBA_DV(MA_HSBA, MA_DV, NGAY, MA_KTV, KETQUA) VALUES
('HS00004', 'DV02', '09/26/1998 22:10:19', 'NV0010', 'A911HQQFY2YH2L272JD1844');
INSERT INTO DNX.HSBA_DV(MA_HSBA, MA_DV, NGAY, MA_KTV, KETQUA) VALUES
('HS00006', 'DV03', '07/05/1993 05:22:19', 'NV0011', '64');
INSERT INTO DNX.HSBA_DV(MA_HSBA, MA_DV, NGAY, MA_KTV, KETQUA) VALUES
('HS00009', 'DV01', '12/05/1980 10:50:37', 'NV0012', 'OVIS45AO74J026');
INSERT INTO DNX.HSBA_DV(MA_HSBA, MA_DV, NGAY, MA_KTV, KETQUA) VALUES
('HS00005', 'DV03', '07/05/1993 05:22:19', 'NV0013', 'J12ELIY869ZE1NI4EX70KMRUPJZ9419693M5WRSX86K1');
INSERT INTO DNX.HSBA_DV(MA_HSBA, MA_DV, NGAY, MA_KTV, KETQUA) VALUES
('HS00007', 'DV04', '09/26/1998 22:10:20', 'NV0014', '2N');
INSERT INTO DNX.HSBA_DV(MA_HSBA, MA_DV, NGAY, MA_KTV, KETQUA) VALUES
('HS00012', 'DV03', '07/05/1993 05:22:19', 'NV0015', 'E2T9K9V78Z34O1F6W5QR168D4A6973055U021NL841OPHO09');
INSERT INTO DNX.HSBA_DV(MA_HSBA, MA_DV, NGAY, MA_KTV, KETQUA) VALUES
('HS00006', 'DV04', '09/26/1998 22:10:20', 'NV0016', '6X6O95HM46SD');
INSERT INTO DNX.HSBA_DV(MA_HSBA, MA_DV, NGAY, MA_KTV, KETQUA) VALUES
('HS00008', 'DV01', '12/05/1980 10:50:37', 'NV0017', '8Z2580AIW8F0OX6XT7OZ9YS1X317I2H644J38SS9S44GZ3FBUY2ZT4HJ6B2VI5STA1I343V66');
INSERT INTO DNX.HSBA_DV(MA_HSBA, MA_DV, NGAY, MA_KTV, KETQUA) VALUES
('HS00010', 'DV02', '09/26/1998 22:10:19', 'NV0018', 'O46');
INSERT INTO DNX.HSBA_DV(MA_HSBA, MA_DV, NGAY, MA_KTV, KETQUA) VALUES
('HS00004', 'DV00', '02/27/1986 03:38:37', 'NV0019', '3G1391P2QW4RP31YMI29WDC7Z1SOI86308IQO14U');
INSERT INTO DNX.HSBA_DV(MA_HSBA, MA_DV, NGAY, MA_KTV, KETQUA) VALUES
('HS00008', 'DV03', '07/05/1993 05:22:19', 'NV0020', '51C538CB06FHE03XX5QW9V92LM6G13');
INSERT INTO DNX.HSBA_DV(MA_HSBA, MA_DV, NGAY, MA_KTV, KETQUA) VALUES
('HS00009', 'DV02', '09/26/1998 22:10:19', 'NV0021', 'J');
INSERT INTO DNX.HSBA_DV(MA_HSBA, MA_DV, NGAY, MA_KTV, KETQUA) VALUES
('HS00005', 'DV04', '09/26/1998 22:10:20', 'NV0022', '52K2J5DO8819N7X24E5MP4I0S4S1539WS9F9J6YOVH27H29V42E41');
INSERT INTO DNX.HSBA_DV(MA_HSBA, MA_DV, NGAY, MA_KTV, KETQUA) VALUES
('HS00003', 'DV00', '02/27/1986 03:38:37', 'NV0023', 'WU0VR0R');
INSERT INTO DNX.HSBA_DV(MA_HSBA, MA_DV, NGAY, MA_KTV, KETQUA) VALUES
('HS00004', 'DV04', '09/26/1998 22:10:20', 'NV0024', '9H');
INSERT INTO DNX.HSBA_DV(MA_HSBA, MA_DV, NGAY, MA_KTV, KETQUA) VALUES
('HS00002', 'DV00', '02/27/1986 03:38:37', 'NV0025', '896');
INSERT INTO DNX.HSBA_DV(MA_HSBA, MA_DV, NGAY, MA_KTV, KETQUA) VALUES
('HS00007', 'DV03', '07/05/1993 05:22:19', 'NV0026', '60X4Q3S0WB1171D0N2145H12C63A8AB0OUQ940M7O30Z5X2F5231T');
INSERT INTO DNX.HSBA_DV(MA_HSBA, MA_DV, NGAY, MA_KTV, KETQUA) VALUES
('HS00009', 'DV04', '09/26/1998 22:10:20', 'NV0027', '1R384FQEX0AB7DO62820OT71955A089');
INSERT INTO DNX.HSBA_DV(MA_HSBA, MA_DV, NGAY, MA_KTV, KETQUA) VALUES
('HS00008', 'DV04', '09/26/1998 22:10:20', 'NV0028', '4VJV98PKX4X602IM039H317RLI89GV20P4BI166270KMM5E22VW1NF04P7O719K9R36S9932');
INSERT INTO DNX.HSBA_DV(MA_HSBA, MA_DV, NGAY, MA_KTV, KETQUA) VALUES
('HS00005', 'DV01', '12/05/1980 10:50:37', 'NV0029', 'QZ93X832LRP3');
INSERT INTO DNX.HSBA_DV(MA_HSBA, MA_DV, NGAY, MA_KTV, KETQUA) VALUES
('HS00011', 'DV03', '07/05/1993 05:22:19', 'NV0030', '1JJ5ZGAV8EW32H');
INSERT INTO DNX.HSBA_DV(MA_HSBA, MA_DV, NGAY, MA_KTV, KETQUA) VALUES
('HS00001', 'DV00', '02/27/1986 03:38:37', 'NV0031', '0NFIJC6US7N7TW7YNW8NWPU3C133');
INSERT INTO DNX.HSBA_DV(MA_HSBA, MA_DV, NGAY, MA_KTV, KETQUA) VALUES
('HS00006', 'DV00', '02/27/1986 03:38:37', 'NV0032', '5G21M6518U4');
INSERT INTO DNX.HSBA_DV(MA_HSBA, MA_DV, NGAY, MA_KTV, KETQUA) VALUES
('HS00010', 'DV03', '07/05/1993 05:22:19', 'NV0033', 'QIH937J46K53G442I413ILYBQK36V');
INSERT INTO DNX.HSBA_DV(MA_HSBA, MA_DV, NGAY, MA_KTV, KETQUA) VALUES
('HS00005', 'DV00', '02/27/1986 03:38:37', 'NV0034', 'EKLUVJG506LC2H58Z3W37A5634VQ9E077MT1H9FJX2CGD2X6R1R08C9ZR54');
INSERT INTO DNX.HSBA_DV(MA_HSBA, MA_DV, NGAY, MA_KTV, KETQUA) VALUES
('HS00007', 'DV01', '12/05/1980 10:50:37', 'NV0035', 'E00WKD096799K5VW70ZS0JZO2DA31LGY');
INSERT INTO DNX.HSBA_DV(MA_HSBA, MA_DV, NGAY, MA_KTV, KETQUA) VALUES
('HS00004', 'DV01', '12/05/1980 10:50:37', 'NV0036', 'PXH');
INSERT INTO DNX.HSBA_DV(MA_HSBA, MA_DV, NGAY, MA_KTV, KETQUA) VALUES
('HS00003', 'DV01', '12/05/1980 10:50:37', 'NV0037', 'K58V678B235B6OP60JDOGOOZ32755');
INSERT INTO DNX.HSBA_DV(MA_HSBA, MA_DV, NGAY, MA_KTV, KETQUA) VALUES
('HS00000', 'DV00', '02/27/1986 03:38:37', 'NV0038', 'T16I88YXBO6SJT9O69PSJ4A8TW6E83Y29QD9E94GMZT708AHX5JQ87YG25FU2EINZ1RP8R476');
INSERT INTO DNX.HSBA_DV(MA_HSBA, MA_DV, NGAY, MA_KTV, KETQUA) VALUES
('HS00009', 'DV03', '07/05/1993 05:22:19', 'NV0039', 'QPCVF5484EY');
INSERT INTO DNX.HSBA_DV(MA_HSBA, MA_DV, NGAY, MA_KTV, KETQUA) VALUES
('HS00011', 'DV04', '09/26/1998 22:10:20', 'NV0040', '48794050BN3TPPB98ZJX060398');
INSERT INTO DNX.HSBA_DV(MA_HSBA, MA_DV, NGAY, MA_KTV, KETQUA) VALUES
('HS00006', 'DV01', '12/05/1980 10:50:37', 'NV0041', 'C');
INSERT INTO DNX.HSBA_DV(MA_HSBA, MA_DV, NGAY, MA_KTV, KETQUA) VALUES
('HS00008', 'DV02', '09/26/1998 22:10:19', 'NV0042', 'F9J4');
INSERT INTO DNX.HSBA_DV(MA_HSBA, MA_DV, NGAY, MA_KTV, KETQUA) VALUES
('HS00002', 'DV01', '12/05/1980 10:50:37', 'NV0043', '7');
INSERT INTO DNX.HSBA_DV(MA_HSBA, MA_DV, NGAY, MA_KTV, KETQUA) VALUES
('HS00010', 'DV04', '09/26/1998 22:10:20', 'NV0044', '4O49S6I4141O1V');
INSERT INTO DNX.HSBA_DV(MA_HSBA, MA_DV, NGAY, MA_KTV, KETQUA) VALUES
('HS00008', 'DV00', '02/27/1986 03:38:37', 'NV0045', 'YEF5O615UX802');
INSERT INTO DNX.HSBA_DV(MA_HSBA, MA_DV, NGAY, MA_KTV, KETQUA) VALUES
('HS00007', 'DV00', '02/27/1986 03:38:37', 'NV0046', '76D4');
INSERT INTO DNX.HSBA_DV(MA_HSBA, MA_DV, NGAY, MA_KTV, KETQUA) VALUES
('HS00001', 'DV01', '12/05/1980 10:50:37', 'NV0047', 'AX299ZOIV9W6498GZ2GQ727R5EWO9IZTP');
INSERT INTO DNX.HSBA_DV(MA_HSBA, MA_DV, NGAY, MA_KTV, KETQUA) VALUES
('HS00003', 'DV02', '09/26/1998 22:10:19', 'NV0048', '78T6597A2RPVS4VL');
INSERT INTO DNX.HSBA_DV(MA_HSBA, MA_DV, NGAY, MA_KTV, KETQUA) VALUES
('HS00002', 'DV02', '09/26/1998 22:10:19', 'NV0049', '0AG914');

COMMIT;